molecule_chembl_id,canonical_smiles,standard_value,class
CHEMBL187677,C[C@H]1CCc2c(N3CCC(O)CC3)c(F)cc3c(=O)c(C(=O)O)cn1c23.N=C(N)NCCC[C@H](N)C(=O)O.O.O.O.O,5.0,active
CHEMBL363449,CC1CCc2c(N3CCC(O)CC3)c(F)cc3c(=O)c(C(=O)O)cn1c23,10.0,active
CHEMBL8,O=C(O)c1cn(C2CC2)c2cc(N3CCNCC3)c(F)cc2c1=O,5.0,active
CHEMBL192226,CN1CCN(c2c(F)cc3c(=O)c(C(=O)O)cn(/C=C\F)c3c2F)CC1,72.2,active
CHEMBL371124,CN1CCN(c2c(F)cc3c(=O)c(C(=O)O)cn(/C=C/F)c3c2F)CC1,664.0,active
CHEMBL6273,CN1CCN(c2c(F)cc3c(=O)c(C(=O)O)cn(CCF)c3c2F)CC1,68.5,active
CHEMBL220656,COc1c(-c2cc(C)nc(C)c2)c(F)cc2c(=O)c3c(=O)[nH]sc3n(C3CC3)c12,3200.0,intermediate
CHEMBL219534,COc1c(-c2ccnc(C)c2)c(F)cc2c(=O)c3c(=O)[nH]sc3n(C3CC3)c12,1600.0,intermediate
CHEMBL436512,COc1c(-c2ccc3c(c2)CN[C@@H]3C)c(F)cc2c(=O)c3c(=O)[nH]sc3n(C3CC3)c12,2100.0,inactive
CHEMBL219216,COc1c(-c2ccc3c(c2)CNC3)c(F)cc2c(=O)c3c(=O)[nH]sc3n(C3CC3)c12,2000.0,intermediate
CHEMBL32,COc1c(N2C[C@@H]3CCCN[C@@H]3C2)c(F)cc2c(=O)c(C(=O)O)cn(C3CC3)c12,28000.0,active
CHEMBL430,CO/N=C1\CN(c2nc3c(cc2F)c(=O)c(C(=O)O)cn3C2CC2)CC1CN,5600.0,active
CHEMBL458404,CCC(=O)O/N=C(/C)N1N=C(C)CC1c1ccccc1OCc1ccc(F)cc1,125.0,active
CHEMBL463657,CC1=NN(/C(C)=N\OC(=O)c2cccnc2)C(c2ccc(OCc3ccc(F)cc3)cc2)C1,3.5,active
CHEMBL36506,CO[C@@H]1[C@@H](OC(N)=O)[C@@H](O)[C@H](Oc2ccc3c(O)c(NC(=O)c4ccc(O)c(CC=C(C)C)c4)c(=O)oc3c2C)OC1(C)C,0.28,active
CHEMBL457468,COC1CC(c2ccccc2)=NN1/C(C)=N\OC(=O)c1ccco1,4.0,active
CHEMBL515530,COC1CC(c2ccccc2)=NN1/C(C)=N\OC(=O)c1ccc(C(F)(F)F)cc1,0.125,active
CHEMBL513945,C/C(=N/OC(=O)c1ccco1)N1N=C(c2ccc(Cl)cc2Cl)CC1c1ccc(C(F)(F)F)cc1,0.5,active
CHEMBL458367,C/C(=N/OC(=O)c1ccco1)N1N=C(c2ccc(Cl)cc2Cl)CC1c1ccccc1F,0.125,active
CHEMBL457095,C=CC(=O)O/N=C(/C)N1N=C(c2ccc(Cl)cc2Cl)CC1c1ccccc1F,0.5,active
CHEMBL463832,CC1=NN2C(C1)c1ccccc1CC2(C)C,0.25,active
CHEMBL494577,O=C(O)c1cn2c3c(c(N4C[C@H](CNC5CC5)[C@H](F)C4)c(F)cc3c1=O)OC[C@@H]2CF,1.06,active
CHEMBL278255,NC1CCN(c2c(F)cc3c(=O)c(C(=O)O)cn(C4CC4)c3c2Cl)C1,1.15,active
CHEMBL5315124,C[C@H]1COc2c(N3CCN(C)CC3)c(F)cc3c(=O)c(C(=O)O)cn1c23.C[C@H]1COc2c(N3CCN(C)CC3)c(F)cc3c(=O)c(C(=O)O)cn1c23.O,9.31,active
CHEMBL455851,Cc1oc(-c2ccc(F)cc2F)nc1N1N=C(c2ccc(Cl)cc2Cl)CC1N1CCc2ccccc2C1,0.5,active
CHEMBL458024,Cc1oc(-c2ccccc2F)nc1N1N=C(c2ccc(Cl)cc2Cl)CC1N1CCc2ccccc2C1,5.5,intermediate
CHEMBL514755,C=Cc1ccccc1-c1nc(N2N=C(c3ccccc3F)CC2N2CCc3ccccc3C2)c(C)o1,125.0,intermediate
CHEMBL518413,Cc1oc(-c2ccc(F)cc2F)nc1N1N=C(c2ccc(-c3ccco3)cc2)CC1N1CCc2ccccc2C1,0.125,intermediate
CHEMBL474679,COc1ccc2c(c1)CN(C1CC(c3ccc(Cl)cc3Cl)=NN1c1nc(-c3ccc(F)cc3F)oc1C)CC2,0.5,inactive
CHEMBL476829,COc1ccc2c(c1)CN(C1CC(c3ccccc3F)=NN1c1nc(-c3ccccc3F)oc1C)CC2,4.0,active
CHEMBL446121,COc1ccc2c(c1)CN(C1CC(c3ccc(-c4ccco4)cc3)=NN1c1nc(-c3ccc(F)cc3F)oc1C)CC2,0.25,intermediate
CHEMBL500220,COc1ccc2c(c1)CN(C1CC(c3ccc(-c4ccco4)cc3)=NN1c1nc(-c3ccccc3C(F)(F)F)oc1C)CC2,0.25,intermediate
CHEMBL390983,COc1c(N2CC[C@@H](C3(N)CC3)C2)ccc2c(=O)c(C(=O)O)cn([C@@H]3C[C@@H]3F)c12,0.835,inactive
CHEMBL31,COc1c(N2CCNC(C)C2)c(F)cc2c(=O)c(C(=O)O)cn(C3CC3)c12,3.22,inactive
CHEMBL215303,C[C@H]1NCc2cc(-c3ccc4c(=O)c(C(=O)O)cn(C5CC5)c4c3OC(F)F)ccc21,3.59,inactive
CHEMBL1276635,CC[C@@H]1CCN(c2c(F)cc3c(=O)c(C(=O)O)cn(C4CC4)c3c2OC)C1,1100.0,active
CHEMBL1276666,CC[C@@H]1CCN(c2c(F)cc3c(=O)n(N)c(=O)n(C4CC4)c3c2OC)C1,2300.0,inactive
CHEMBL1276667,CC[C@@H]1CCN(c2c(F)cc3c(=O)n(N)c(=O)n(C4CC4)c3c2C)C1,1600.0,inactive
CHEMBL1276697,CC[C@@H]1CCN(c2c(F)cn3c(=O)n(N)c(=O)c(C4CC4)c3c2OC)C1,36500.0,intermediate
CHEMBL1774147,COc1c(N2CC[C@@H]([C@H](C)N)C2)c(F)cc2c(=O)c3c(=O)[nH]sc3n(C3CC3)c12,680.0,inactive
CHEMBL1774153,CN[C@@H](C)[C@@H]1CCN(c2c(F)cc3c(=O)c4c(=O)[nH]sc4n(C4CC4)c3c2OC)C1,1100.0,active
CHEMBL1774264,COc1c(N2CC[C@@H]([C@H](C)NCCF)C2)c(F)cc2c(=O)c3c(=O)[nH]sc3n(C3CC3)c12,1320.0,active
CHEMBL1256993,COc1c(N2CC[C@@H](C(C)(C)N)C2)c(F)cc2c(=O)c3c(=O)[nH]sc3n(C3CC3)c12,680.0,inactive
CHEMBL2158049,COc1ccc2nccc(C(O)CC[C@@H]3CCN(CCC(=O)N4CCCCC4)C[C@@H]3C(=O)O)c2c1,10600.0,intermediate
CHEMBL2158048,COc1ccc2nccc(C(O)CC[C@@H]3CCN(CCSc4ccc(C(=O)O)[se]4)C[C@@H]3C(=O)O)c2c1,100000.0,intermediate
CHEMBL2158047,COc1ccc2nccc([C@@H](O)CC[C@@H]3CCN(CCSc4ccc(C#N)[se]4)C[C@@H]3C(=O)O)c2c1,36600.0,intermediate
CHEMBL2158045,COc1ccc2nccc([C@H](O)CC[C@@H]3CCN(CCSc4ccc(C=O)[se]4)C[C@@H]3C(=O)O)c2c1,8900.0,intermediate
CHEMBL2158044,COc1ccc2nccc([C@@H](O)CC[C@@H]3CCN(CCSc4ccc(C(F)F)[se]4)C[C@@H]3C(=O)O)c2c1,21200.0,intermediate
CHEMBL2158043,COc1ccc2nccc([C@@H](O)CC[C@@H]3CCN(CCS(=O)(=O)c4ccc[se]4)C[C@@H]3C(=O)O)c2c1,100000.0,intermediate
CHEMBL2158041,COc1ccc2nccc([C@@H](O)CC[C@@H]3CCN(CCSc4ccc[se]4)C[C@@H]3C(=O)O)c2c1,400.0,intermediate
CHEMBL2158040,COc1ccc2nccc([C@H](O)CC[C@@H]3CCN(CCSc4ccc[se]4)C[C@@H]3C(=O)O)c2c1,700.0,intermediate
CHEMBL2159979,COc1ccc2nccc([C@H](O)CC[C@@H]3CCN(CCSc4sccc4P(=O)(O)O)C[C@@H]3C(=O)O)c2c1,100000.0,intermediate
CHEMBL2159978,COc1ccc2nccc([C@@H](O)CC[C@@H]3CCN(CCSc4sccc4P(=O)(OC(C)C)OC(C)C)C[C@@H]3C(=O)O)c2c1,100000.0,intermediate
CHEMBL2159976,COc1ccc2nccc([C@@H](O)CC[C@@H]3CCN(CCSc4cccs4)C[C@@H]3C(=O)O)c2c1,1400.0,inactive
CHEMBL2159975,COc1ccc2nccc([C@H](O)CC[C@@H]3CCN(CCSc4cccs4)C[C@@H]3C(=O)O)c2c1,3300.0,inactive
CHEMBL2159974,COc1ccc2nccc([C@@H](O)CC[C@@H]3CCN(CCSc4ccco4)C[C@@H]3C(=O)O)c2c1,4700.0,intermediate
CHEMBL2159973,COc1ccc2nccc([C@H](O)CC[C@@H]3CCN(CCSc4ccco4)C[C@@H]3C(=O)O)c2c1,10200.0,intermediate
CHEMBL2205317,C=C1CC[C@@H](O[C@H]2C[C@@](O)([C@H](C)NC(=O)c3[nH]cc(Cl)c3Cl)[C@H](O)[C@@H](C)O2)[C@@H]2C=C[C@H](C)C(/C(O)=C3\C(=O)[C@H](C(C)C)N([C@H]4O[C@H](C)[C@H](OC(N)=O)[C@H](OC(C)=O)[C@@H]4OC)C3=O)[C@@H]12,400.0,intermediate
CHEMBL2205318,C=C1CC[C@@H](O[C@H]2C[C@@](O)([C@H](C)NC(=O)c3[nH]c(C)c(Cl)c3Cl)[C@H](O)[C@@H](C)O2)[C@@H]2C=C[C@H](C)C(/C(O)=C3\C(=O)[C@H](C(C)C)N([C@H]4O[C@H](C)[C@H](OC(N)=O)[C@H](OC(C)=O)[C@@H]4OC)C3=O)[C@@H]12,9.0,inactive
CHEMBL2382284,COc1ccc2nccc([C@@H](O)CC[C@@H]3CCN(C4CC(c5ccn[nH]5)C4)C[C@@H]3C(=O)O)c2c1,25000.0,intermediate
CHEMBL2382283,COc1ccc2nccc([C@@H](O)CC[C@@H]3CCN(C4CC(c5ccn(C)n5)C4)C[C@@H]3C(=O)O)c2c1,19000.0,inactive
CHEMBL2380332,COc1ccc2nccc([C@@H](O)CC[C@@H]3CCN(C4CC(c5ccncn5)C4)C[C@@H]3C(=O)O)c2c1,19000.0,intermediate
CHEMBL2382282,COc1ccc2nccc([C@@H](O)CC[C@@H]3CCN(C4CC(c5ccnc(C)n5)C4)C[C@@H]3C(=O)O)c2c1,50000.0,inactive
CHEMBL2380334,COc1ccc2nccc([C@@H](O)CC[C@@H]3CCN(C4CC(c5ccno5)C4)C[C@@H]3C(=O)O)c2c1,3130.0,intermediate
CHEMBL2382388,COc1ccc2nccc([C@@H](O)CC[C@@H]3CCN(C4CC(c5ncc(C)o5)C4)C[C@@H]3C(=O)O)c2c1,6250.0,intermediate
CHEMBL2382387,COc1ccc2nccc([C@@H](O)CC[C@@H]3CCN(C/C=C/c4ccccc4)C[C@@H]3C(=O)O)c2c1,4700.0,inactive
CHEMBL2382386,COc1ccc2nccc([C@@H](O)CC[C@@H]3CCN(C4CC(c5cc(SC)ccc5F)C4)C[C@@H]3C(=O)O)c2c1,3130.0,intermediate
CHEMBL2382385,COc1ccc2nccc([C@@H](O)CC[C@@H]3CCN(C4CC(c5cccc(SC)c5)C4)C[C@@H]3C(=O)O)c2c1,4700.0,intermediate
CHEMBL2382384,COc1ccc2nccc([C@@H](O)CC[C@@H]3CCN(C4CC(c5ccccc5SC)C4)C[C@@H]3C(=O)O)c2c1,3130.0,intermediate
CHEMBL2382383,COc1ccc2nccc([C@@H](O)CC[C@@H]3CCN(C4CC(c5cc(C#N)ccc5F)C4)C[C@@H]3C(=O)O)c2c1,9400.0,intermediate
CHEMBL2382382,COc1ccc2nccc([C@@H](O)CC[C@@H]3CCN(C4CC(c5cc(F)cc(F)c5OC)C4)C[C@@H]3C(=O)O)c2c1,6250.0,intermediate
CHEMBL2380333,COc1ccc2nccc([C@@H](O)CC[C@@H]3CCN(C4CC(c5cc(F)ccc5C(F)(F)F)C4)C[C@@H]3C(=O)O)c2c1,9400.0,intermediate
CHEMBL2382381,COc1ccc2nccc([C@@H](O)CC[C@@H]3CCN(C4CC(c5c(F)ccc(F)c5OC)C4)C[C@@H]3C(=O)O)c2c1,3130.0,intermediate
CHEMBL2382380,COc1ccc2nccc([C@@H](O)CC[C@@H]3CCN(C4CC(c5c(OC)ccc(F)c5F)C4)C[C@@H]3C(=O)O)c2c1,1560.0,intermediate
CHEMBL2382379,COc1ccc2nccc([C@@H](O)CC[C@@H]3CCN(C4CC(c5cc(F)ccc5C)C4)C[C@@H]3C(=O)O)c2c1,2300.0,intermediate
CHEMBL2382378,COc1ccc2nccc([C@@H](O)CC[C@@H]3CCN(C4CC(c5ccccc5C(F)(F)F)C4)C[C@@H]3C(=O)O)c2c1,1560.0,intermediate
CHEMBL2382377,COc1ccc2nccc([C@@H](O)CC[C@@H]3CCN(C4CC(c5cc(Br)ccc5F)C4)C[C@@H]3C(=O)O)c2c1,3130.0,intermediate
CHEMBL2382376,COc1ccc2nccc([C@@H](O)CC[C@@H]3CCN(C4CC(c5cc(F)ccc5OC)C4)C[C@@H]3C(=O)O)c2c1,12500.0,inactive
CHEMBL2382375,COc1ccc2nccc([C@@H](O)CC[C@@H]3CCN(C4CC(c5c(F)cccc5C(F)(F)F)C4)C[C@@H]3C(=O)O)c2c1,19000.0,intermediate
CHEMBL2382374,COc1ccc2nccc([C@@H](O)CC[C@@H]3CCN(C4CC(c5c(F)cccc5OC)C4)C[C@@H]3C(=O)O)c2c1,12500.0,inactive
CHEMBL2382373,COc1ccc2nccc([C@@H](O)CC[C@@H]3CCN(C4CC(c5cccc(F)c5F)C4)C[C@@H]3C(=O)O)c2c1,1560.0,inactive
CHEMBL2382372,COc1ccc2nccc([C@@H](O)CC[C@@H]3CCN(C4CC(c5cc(F)cc(F)c5F)C4)C[C@@H]3C(=O)O)c2c1,1560.0,intermediate
CHEMBL2382371,COc1ccc2nccc([C@@H](O)CC[C@@H]3CCN(C4CC(c5ccccc5OC)C4)C[C@@H]3C(=O)O)c2c1,6250.0,intermediate
CHEMBL2382370,COc1ccc2nccc([C@@H](O)CC[C@@H]3CCN(C4CC(c5cc(Cl)ccc5F)C4)C[C@@H]3C(=O)O)c2c1,1560.0,inactive
CHEMBL2382369,COc1ccc2nccc([C@@H](O)CC[C@@H]3CCN(C4CC(c5cc(F)c(OC)cc5F)C4)C[C@@H]3C(=O)O)c2c1,50000.0,intermediate
CHEMBL2382368,COc1ccc2nccc([C@@H](O)CC[C@@H]3CCN(C4CC(c5cc(F)c(Cl)cc5F)C4)C[C@@H]3C(=O)O)c2c1,4700.0,intermediate
CHEMBL2382367,COc1ccc2nccc([C@@H](O)CC[C@@H]3CCN(C4CC(c5ccc(C#N)cc5)C4)C[C@@H]3C(=O)O)c2c1,50000.0,inactive
CHEMBL2382366,COc1ccc2nccc([C@@H](O)CC[C@@H]3CCN(C4CC(c5cccc(C#N)c5)C4)C[C@@H]3C(=O)O)c2c1,9400.0,intermediate
CHEMBL2382365,COc1ccc(C2CC(N3CC[C@@H](CC[C@H](O)c4ccnc5ccc(OC)cc45)[C@@H](C(=O)O)C3)C2)c(F)c1,50000.0,intermediate
CHEMBL2382364,COc1ccc2nccc([C@@H](O)CC[C@@H]3CCN(C4CC(c5cc(F)cc(F)c5)C4)C[C@@H]3C(=O)O)c2c1,1560.0,intermediate
CHEMBL2382363,COc1ccc2nccc([C@@H](O)CC[C@@H]3CCN(C4CC(c5ccc(F)c(C#N)c5)C4)C[C@@H]3C(=O)O)c2c1,3130.0,active
CHEMBL2382362,COc1ccc2nccc([C@@H](O)CC[C@@H]3CCN(C4CC(c5cccc(OC)c5F)C4)C[C@@H]3C(=O)O)c2c1,19000.0,active
CHEMBL2382361,COc1ccc2nccc([C@@H](O)CC[C@@H]3CCN(C4CC(c5ccc(F)c(F)c5F)C4)C[C@@H]3C(=O)O)c2c1,3130.0,active
CHEMBL2382360,COc1ccc2nccc([C@@H](O)CC[C@@H]3CCN(C4CC(c5ccc(Br)cc5F)C4)C[C@@H]3C(=O)O)c2c1,6250.0,active
CHEMBL2382359,COc1ccc2nccc([C@@H](O)CC[C@@H]3CCN(C4CC(c5c(F)ccc(F)c5F)C4)C[C@@H]3C(=O)O)c2c1,1560.0,active
CHEMBL2382358,COc1ccc2nccc([C@@H](O)CC[C@@H]3CCN(C4CC(c5ccc(C(F)(F)F)cc5F)C4)C[C@@H]3C(=O)O)c2c1,6250.0,active
CHEMBL2382357,COc1ccc2nccc([C@@H](O)CC[C@@H]3CCN(C4CC(c5cccc(C(F)(F)F)c5F)C4)C[C@@H]3C(=O)O)c2c1,6250.0,active
CHEMBL2382356,COc1ccc2nccc([C@@H](O)CC[C@@H]3CCN(C4CC(c5cc(F)c(F)cc5F)C4)C[C@@H]3C(=O)O)c2c1,1560.0,active
CHEMBL2382355,COc1ccc2nccc([C@@H](O)CC[C@@H]3CCN(C4CC(c5cccc(Cl)c5F)C4)C[C@@H]3C(=O)O)c2c1,2400.0,active
CHEMBL2382354,COc1ccc2nccc([C@@H](O)CC[C@@H]3CCN(C4CC(c5cc(C)ccc5F)C4)C[C@@H]3C(=O)O)c2c1,1560.0,active
CHEMBL2382353,COc1ccc2nccc([C@@H](O)CC[C@@H]3CCN(C4CC(c5c(F)cc(F)cc5F)C4)C[C@@H]3C(=O)O)c2c1,6250.0,active
CHEMBL2382352,COc1ccc2nccc([C@@H](O)CC[C@@H]3CCN(C4CC(c5ccc(Cl)cc5F)C4)C[C@@H]3C(=O)O)c2c1,6250.0,active
CHEMBL2382351,COc1ccc2nccc([C@@H](O)CC[C@@H]3CCN(C4CC(c5c(F)ccc(Cl)c5F)C4)C[C@@H]3C(=O)O)c2c1,3130.0,active
CHEMBL2382350,COc1ccc2nccc([C@@H](O)CC[C@@H]3CCN(C4CC(c5cc(C(F)(F)F)ccc5F)C4)C[C@@H]3C(=O)O)c2c1,25000.0,active
CHEMBL2382349,COc1ccc2nccc([C@@H](O)CC[C@@H]3CCN(C4CC(c5c(F)cccc5Cl)C4)C[C@@H]3C(=O)O)c2c1,4700.0,active
CHEMBL2382348,COc1ccc(F)c(C2CC(N3CC[C@@H](CC[C@H](O)c4ccnc5ccc(OC)cc45)[C@@H](C(=O)O)C3)C2)c1,50000.0,active
CHEMBL2382347,COc1ccc2nccc([C@@H](O)CC[C@@H]3CCN(C4CC(c5cccc(F)c5C)C4)C[C@@H]3C(=O)O)c2c1,25000.0,active
CHEMBL2382346,COc1ccc2nccc([C@@H](O)CC[C@@H]3CCN(C4CC(c5ccc(F)cc5F)C4)C[C@@H]3C(=O)O)c2c1,9400.0,active
CHEMBL2382345,COc1ccc2nccc([C@@H](O)CC[C@@H]3CCN(C4CC(c5cc(F)ccc5F)C4)C[C@@H]3C(=O)O)c2c1,3000.0,active
CHEMBL2382344,COc1ccc2nccc([C@@H](O)CC[C@@H]3CCN(C4CC(c5ccc(-c6ccccc6)cc5)C4)C[C@@H]3C(=O)O)c2c1,50000.0,active
CHEMBL2382343,COc1ccc2nccc([C@@H](O)CC[C@@H]3CCN(C4CC(c5c(F)cccc5F)C4)C[C@@H]3C(=O)O)c2c1,2930.0,active
CHEMBL2382342,COc1ccc2nccc([C@@H](O)CC[C@@H]3CCN(C4CC(c5cccc(F)c5)C4)C[C@@H]3C(=O)O)c2c1,1560.0,active
CHEMBL2382341,COc1ccc2nccc([C@@H](O)CC[C@@H]3CCN(C4CC(c5ccccc5F)C4)C[C@@H]3C(=O)O)c2c1,12500.0,active
CHEMBL2382287,COc1ccc2nccc([C@@H](O)CC[C@@H]3CCN(C4CC(c5ccccc5)C4)C[C@@H]3C(=O)O)c2c1,1190.0,active
CHEMBL2382285,COc1ccc2nccc(C(O)CC[C@@H]3CCN(C/C=C/c4cc(F)ccc4F)C[C@@H]3C(=O)O)c2c1,7660.0,active
CHEMBL2158050,COc1ccc2ncc(F)c([C@@H](O)CC[C@@H]3CCN(CCSc4cccs4)C[C@@H]3C(=O)O)c2c1,1560.0,active
CHEMBL2424888,COc1ccc2nccc([C@H](O)[C@@H](O)[C@@H]3CC[C@@H](NCc4ccc5c(n4)NC(=O)CS5)CO3)c2n1,500.0,active
CHEMBL2424896,COc1ccc2nccc(OC[C@@H]3CC[C@@H](NCc4cc5c(cn4)OCCO5)CO3)c2n1,500.0,active
CHEMBL2424835,COc1ccc2nccc([C@@H](O)[C@H](O)[C@@H]3CC[C@@H](NCc4ccc5c(n4)NC(=O)CS5)CO3)c2c1,250.0,active
CHEMBL2424879,COc1ccc2ncc(F)c([C@@H](O)[C@H](O)[C@@H]3CC[C@@H](NCc4cc5c(nn4)OCCO5)CO3)c2n1,125.0,active
CHEMBL2424878,COc1ccc2ncc(F)c([C@@H](O)[C@H](O)[C@@H]3CC[C@@H](NCc4cc5c(nn4)OCCS5)CO3)c2n1,125.0,active
CHEMBL2424875,COc1cnc2ccc(F)c([C@@H](O)[C@H](O)[C@@H]3CC[C@@H](NCc4cc5c(nn4)OCCS5)CO3)c2n1,125.0,active
CHEMBL2424873,COc1cnc2ccc(F)c([C@@H](O)[C@H](O)[C@@H]3CC[C@@H](NCc4cc5c(cn4)OCCO5)CO3)c2n1,125.0,active
CHEMBL2424834,COc1cc(F)c2nccc([C@@H](O)[C@H](O)[C@@H]3CC[C@@H](NCc4ccc5c(n4)NC(=O)CS5)CO3)c2c1,125.0,active
CHEMBL2424660,COc1ccc2ncc(F)c([C@@H](O)[C@H](O)[C@@H]3CC[C@@H](NCc4ccc5c(n4)NC(=O)CS5)CO3)c2c1,125.0,active
CHEMBL2424891,COc1cnc2cccc([C@@H](O)[C@H](O)[C@@H]3CC[C@@H](NCc4ccc5c(n4)NC(=O)CS5)CO3)c2c1,125.0,active
CHEMBL2424887,COc1ccc2nccc([C@@H](O)[C@H](O)[C@H]3CC[C@H](NCc4ccc5c(n4)NC(=O)CS5)CO3)c2n1,125.0,active
CHEMBL2424882,COc1ccc2nccc(/C=C/[C@@H]3CC[C@@H](NCc4cc5c(cn4)OCCO5)CO3)c2n1,125.0,active
CHEMBL2424881,COc1ccc2nccc(/C=C/[C@@H]3CC[C@@H](NCc4ccc5c(n4)NC(=O)CS5)CO3)c2n1,125.0,active
CHEMBL2424880,COc1ccc2nccc(C(O)C[C@@H]3CC[C@@H](NCc4cc5c(cn4)OCCO5)CO3)c2n1,125.0,active
CHEMBL2424898,COc1ccc2nccc(NC(=O)[C@@H]3CC[C@@H](NCc4cc5c(cn4)OCCO5)CO3)c2n1,125.0,active
CHEMBL2424897,COc1ccc2nccc(NC(=O)[C@@H]3CC[C@@H](NCc4ccc5c(n4)NC(=O)CS5)CO3)c2n1,125.0,active
CHEMBL2424895,COc1ccc2nccc(OC[C@@H]3CC[C@@H](NCc4ccc5c(n4)NC(=O)CS5)CO3)c2n1,125.0,active
CHEMBL2424894,O=c1ccc2ccc(F)c3c2n1CC3CN1CCC(NCc2cc3c(cn2)OCCO3)CC1,125.0,active
CHEMBL2424877,COc1ccc2ncc(F)c([C@@H](O)[C@H](O)[C@@H]3CC[C@@H](NCc4cc5c(cn4)OCCS5)CO3)c2n1,30.0,intermediate
CHEMBL2424876,COc1ccc2ncc(F)c([C@@H](O)[C@H](O)[C@@H]3CC[C@@H](NCc4cc5c(cn4)OCCO5)CO3)c2n1,30.0,intermediate
CHEMBL2424874,COc1cnc2ccc(F)c([C@@H](O)[C@H](O)[C@@H]3CC[C@@H](NCc4cc5c(cn4)OCCS5)CO3)c2n1,30.0,intermediate
CHEMBL2424836,COc1cnc2cccc([C@@H](O)[C@H](O)[C@@H]3CC[C@@H](NCc4ccc5c(n4)NC(=O)CS5)CO3)c2n1,30.0,inactive
CHEMBL2424833,COc1ccc2ncc(F)c([C@@H](O)[C@H](O)[C@@H]3CC[C@@H](NCc4ccc5c(n4)NC(=O)CS5)CO3)c2n1,30.0,intermediate
CHEMBL2424892,COc1cnc2ccc(F)c([C@@H](O)[C@H](O)[C@@H]3CC[C@@H](NCc4ccc5c(n4)NC(=O)CS5)CO3)c2n1,30.0,inactive
CHEMBL2424890,COc1ccc2cccc([C@@H](O)[C@H](O)[C@@H]3CC[C@@H](NCc4ccc5c(n4)NC(=O)CS5)CO3)c2n1,30.0,inactive
CHEMBL2424889,COc1ccc2nccc([C@H](O)[C@@H](O)[C@H]3CC[C@H](NCc4ccc5c(n4)NC(=O)CS5)CO3)c2n1,30.0,intermediate
CHEMBL2424886,COc1ccc2nccc([C@@H](O)[C@H](O)[C@@H]3CC[C@@H](NCc4cc5c(cn4)OCCO5)CO3)c2n1,30.0,inactive
CHEMBL2424883,COc1ccc2nccc(CC[C@@H]3CC[C@@H](NCc4ccc5c(n4)NC(=O)CS5)CO3)c2n1,30.0,intermediate
CHEMBL2165064,N#Cc1ccc2ccc(=O)n(CCN3CC[C@H](NCc4cc5c(cn4)OCCO5)[C@H](F)C3)c2c1,30.0,inactive
CHEMBL2424893,COc1ccc2nccc(NC(=O)[C@H]3CC[C@H](NCc4ccc5c(n4)NC(=O)CS5)CC3)c2n1,30.0,intermediate
CHEMBL2424885,COc1ccc2nccc([C@@H](O)[C@H](O)[C@@H]3CC[C@@H](NCc4ccc5c(n4)NC(=O)CS5)CO3)c2n1,30.0,intermediate
CHEMBL2424884,COc1ccc2nccc(CC[C@@H]3CC[C@@H](NCc4cc5c(cn4)OCCO5)CO3)c2n1,30.0,inactive
CHEMBL2424899,COc1ccc2nccc(C(O)C[C@@H]3CC[C@@H](NCc4ccc5c(n4)NC(=O)CS5)CO3)c2n1,30.0,intermediate
CHEMBL3094364,CCNC(=O)Nc1nc2cc(-c3cnc(N4CCCC(C)(C(=O)O)CC4)nc3)cc(-c3ccccn3)c2s1,0.006,intermediate
CHEMBL3094362,CCNC(=O)Nc1nc2cc(-c3cnc(N4CCC(C)(C(=O)O)C4)nc3)cc(-c3ccccn3)c2s1,0.04,intermediate
CHEMBL3094361,CCNC(=O)Nc1nc2cc(-c3cnc(N4CCCC4(C)C(=O)O)nc3)cc(-c3ccccn3)c2s1,0.005,intermediate
CHEMBL3094360,CCNC(=O)Nc1nc2cc(-c3nc(N4CCC(C)(C(=O)O)CC4)ns3)cc(-c3ccccn3)c2s1,0.056,intermediate
CHEMBL3094359,CCNC(=O)Nc1nc2cc(-c3cncc(N4CCC(C)(C(=O)O)CC4)c3)cc(-c3ccccn3)c2s1,0.015,intermediate
CHEMBL3094358,CCNC(=O)Nc1nc2cc(-c3cnc(N4CCC(C)(C(=O)O)CC4)cn3)cc(-c3ccccn3)c2s1,0.02,inactive
CHEMBL3094357,CCNC(=O)Nc1nc2cc(-c3ccc(N4CCC(C)(C(=O)O)CC4)nc3)cc(-c3ccccn3)c2s1,0.012,inactive
CHEMBL3094353,CCNC(=O)Nc1nc2cc(-c3cnc(N4CCC(C(=O)O)(C(F)(F)F)CC4)nc3)cc(-c3ccccn3)c2s1,0.016,intermediate
CHEMBL3094351,CCNC(=O)Nc1nc2cc(-c3cnc(N4CCC(CC)(C(=O)O)CC4)nc3)cc(-c3ccccn3)c2s1,0.012,inactive
CHEMBL3094350,CCNC(=O)Nc1nc2cc(-c3cnc(N4CCC(C)(C(=O)O)CC4)nc3)cc(-c3ccccn3)c2s1,0.008,inactive
CHEMBL3094349,CCNC(=O)Nc1nc2cc(-c3cnc(N4CCC(C(=O)O)CC4)nc3)cc(-c3ccccn3)c2s1,0.01,intermediate
CHEMBL3094348,CCNC(=O)Nc1nc2cc(-c3ccc(C(=O)O)nc3)cc(-c3ccccn3)c2s1,0.001,intermediate
CHEMBL3094347,CCNC(=O)Nc1nc2cc(-c3cccnc3)cc(-c3ccccn3)c2s1,0.014,intermediate
CHEMBL3288810,COc1ccc2ncc(F)c(CCC34CCC(NCc5ccc6c(n5)NC(=O)CO6)(CC3)CO4)c2n1.Cl,220.0,intermediate
CHEMBL3288811,COc1ccc2ncc(F)c(C[C@H](O)C34CCC(NCc5ccc6c(n5)NC(=O)CO6)(CC3)CO4)c2n1.Cl,1020.0,intermediate
CHEMBL3344005,O=C(O)CC(=O)Nc1ccc(-c2nc3ccccc3[nH]2)cc1,6125.0,inactive
CHEMBL3344006,O=C(O)CCC(=O)Nc1ccc(-c2nc3ccccc3[nH]2)cc1,6125.0,intermediate
CHEMBL3344007,COC(=O)CCCC(=O)Nc1ccc(-c2nc3ccccc3[nH]2)cc1,25000.0,intermediate
CHEMBL3344008,O=C(O)CCCCC(=O)Nc1ccc(-c2nc3ccccc3[nH]2)cc1,6125.0,inactive
CHEMBL3344009,O=C(O)CC(=O)Nc1ccc(-c2nc3cc(F)ccc3[nH]2)cc1,16310.0,inactive
CHEMBL3344010,O=C(O)CCC(=O)Nc1ccc(-c2nc3cc(F)ccc3[nH]2)cc1,12000.0,intermediate
CHEMBL3344011,O=C(O)CCCC(=O)Nc1ccc(-c2nc3cc(F)ccc3[nH]2)cc1,1130.0,intermediate
CHEMBL3344012,COC(=O)CCCC(=O)Nc1ccc(-c2nc3cc(F)ccc3[nH]2)cc1,10700.0,intermediate
CHEMBL3344013,O=C(O)CCCCC(=O)Nc1ccc(-c2nc3cc(F)ccc3[nH]2)cc1,7100.0,inactive
CHEMBL3344014,O=C(O)CC(=O)Nc1ccc(-c2nc3cc(Cl)ccc3[nH]2)cc1,18210.0,intermediate
CHEMBL3344015,O=C(O)CCC(=O)Nc1ccc(-c2nc3cc(Cl)ccc3[nH]2)cc1,9800.0,intermediate
CHEMBL3344016,O=C(O)CCCC(=O)Nc1ccc(-c2nc3cc(Cl)ccc3[nH]2)cc1,9130.0,inactive
CHEMBL3344017,COC(=O)CCCC(=O)Nc1ccc(-c2nc3cc(Cl)ccc3[nH]2)cc1,22190.0,inactive
CHEMBL3344018,O=C(O)CCCCC(=O)Nc1ccc(-c2nc3cc(Cl)ccc3[nH]2)cc1,8910.0,inactive
CHEMBL3344019,O=C(O)CC(=O)Nc1ccc(-c2nc3cc([N+](=O)[O-])ccc3[nH]2)cc1,2230.0,intermediate
CHEMBL3344020,O=C(O)CCC(=O)Nc1ccc(-c2nc3cc([N+](=O)[O-])ccc3[nH]2)cc1,8320.0,intermediate
CHEMBL3344021,O=C(O)CCCC(=O)Nc1ccc(-c2nc3cc([N+](=O)[O-])ccc3[nH]2)cc1,6120.0,inactive
CHEMBL3344022,COC(=O)CCCC(=O)Nc1ccc(-c2nc3cc([N+](=O)[O-])ccc3[nH]2)cc1,5300.0,intermediate
CHEMBL3344023,O=C(O)CCCCC(=O)Nc1ccc(-c2nc3cc([N+](=O)[O-])ccc3[nH]2)cc1,6090.0,inactive
CHEMBL3344024,COc1ccc2[nH]c(-c3ccc(NC(=O)CC(=O)O)cc3)nc2c1,18360.0,intermediate
CHEMBL3344025,COc1ccc2[nH]c(-c3ccc(NC(=O)CCC(=O)O)cc3)nc2c1,11300.0,inactive
CHEMBL3344026,COc1ccc2[nH]c(-c3ccc(NC(=O)CCCC(=O)O)cc3)nc2c1,5320.0,inactive
CHEMBL3344027,COC(=O)CCCC(=O)Nc1ccc(-c2nc3cc(OC)ccc3[nH]2)cc1,12500.0,inactive
CHEMBL3344028,COc1ccc2[nH]c(-c3ccc(NC(=O)CCCCC(=O)O)cc3)nc2c1,12500.0,inactive
CHEMBL3344029,O=C(O)CC(=O)Nc1ccc(-c2nc3cccnc3[nH]2)cc1,8900.0,inactive
CHEMBL3344030,O=C(O)CCC(=O)Nc1ccc(-c2nc3cccnc3[nH]2)cc1,3125.0,inactive
CHEMBL3344031,O=C(O)CCCC(=O)Nc1ccc(-c2nc3cccnc3[nH]2)cc1,6980.0,inactive
CHEMBL3344032,COC(=O)CCCC(=O)Nc1ccc(-c2nc3cccnc3[nH]2)cc1,6800.0,inactive
CHEMBL3344033,O=C(O)CCCCC(=O)Nc1ccc(-c2nc3cccnc3[nH]2)cc1,2100.0,inactive
CHEMBL3344034,O=C(O)COCC(=O)Nc1ccc(-c2nc3ccccc3[nH]2)cc1,4810.0,inactive
CHEMBL3344035,O=C(O)CSCC(=O)Nc1ccc(-c2nc3ccccc3[nH]2)cc1,12500.0,inactive
CHEMBL3344036,O=C(O)COCC(=O)Nc1ccc(-c2nc3cc(F)ccc3[nH]2)cc1,2900.0,inactive
CHEMBL3344037,O=C(O)CSCC(=O)Nc1ccc(-c2nc3cc(F)ccc3[nH]2)cc1,4800.0,inactive
CHEMBL3344038,O=C(O)COCC(=O)Nc1ccc(-c2nc3cc(Cl)ccc3[nH]2)cc1,12500.0,inactive
CHEMBL3344039,O=C(O)CSCC(=O)Nc1ccc(-c2nc3cc(Cl)ccc3[nH]2)cc1,12100.0,inactive
CHEMBL3344040,O=C(O)COCC(=O)Nc1ccc(-c2nc3cc([N+](=O)[O-])ccc3[nH]2)cc1,5800.0,inactive
CHEMBL3341781,O=C(O)CSCC(=O)Nc1ccc(-c2nc3cc([N+](=O)[O-])ccc3[nH]2)cc1,2100.0,inactive
CHEMBL3344041,COc1ccc2[nH]c(-c3ccc(NC(=O)COCC(=O)O)cc3)nc2c1,3062.0,inactive
CHEMBL3344042,COc1ccc2[nH]c(-c3ccc(NC(=O)CSCC(=O)O)cc3)nc2c1,15980.0,inactive
CHEMBL3344043,O=C(O)COCC(=O)Nc1ccc(-c2nc3cccnc3[nH]2)cc1,4700.0,inactive
CHEMBL3344044,O=C(O)CSCC(=O)Nc1ccc(-c2nc3cccnc3[nH]2)cc1,1700.0,inactive
CHEMBL3344003,CCc1cc(=O)nc(SCC(=O)Nc2cccc(C(=O)O)c2)[nH]1,50000.0,inactive
CHEMBL3343996,O=c1nc(/C=C/c2ccc(/C=C/c3cc(C(F)(F)F)[nH]c(=O)n3)cc2)cc(C(F)(F)F)[nH]1,24880.0,inactive
CHEMBL3343998,CC(=O)Nc1ccc(OCC[n+]2ccc(CCS(=O)(=O)[O-])cc2)cc1,45100.0,inactive
CHEMBL3343999,Cc1cc2ncn(CC(O)COc3cccc(C(=O)O)c3)c2cc1C,3125.0,inactive
CHEMBL3344000,O=C(O)CCCC(=O)Nc1ccc(-c2nc3ccccc3[nH]2)cc1,2900.0,inactive
CHEMBL3344002,CC(Cc1c[nH]c2ccccc12)NC(=O)CSS(=O)(=O)O,50000.0,inactive
CHEMBL3344001,O=C(O)CCC(=O)Nc1ccc(NC(=O)c2ccco2)cc1,3125.0,inactive
CHEMBL3344004,CCOc1cc(/C=C(\C#N)c2nc3ccc(C)cc3[nH]2)ccc1OCC(=O)O,50000.0,inactive
CHEMBL1572180,Cc1sc2nc(SCC(=O)Nc3cccc(C(=O)O)c3)nc(O)c2c1C,8220.0,inactive
CHEMBL1718255,Cc1sc2nc(SCC(=O)Nc3ccc(Cl)c(C(=O)O)c3)nc(O)c2c1C,50000.0,inactive
CHEMBL3343997,CNc1cc(CCNC(=O)c2ccc3oc(O)nc3c2)nc(-c2ccncc2)n1,50000.0,inactive
CHEMBL17157,CC(C)(C)c1ccc(C(O)CCCN2CCC(C(O)(c3ccccc3)c3ccccc3)CC2)cc1,190000.0,inactive
CHEMBL3342816,CC(C)c1ccc(C(O)CCCN2CCC(C(O)(c3ccccc3)c3ccccc3)CC2)cc1,127000.0,inactive
CHEMBL3342817,Cc1ccc(C(O)CCCN2CCC(C(O)(c3ccccc3)c3ccccc3)CC2)cc1,500000.0,inactive
CHEMBL3342818,OC(CCCN1CCC(C(O)(c2ccccc2)c2ccccc2)CC1)c1ccccc1,500000.0,inactive
CHEMBL3342819,OC(CCCN1CCC(C(O)(c2ccccc2)c2ccccc2)CC1)c1ccc(F)cc1,500000.0,inactive
CHEMBL3342820,OC(CCCN1CCC(C(O)(c2ccccc2)c2ccccc2)CC1)c1ccc(Cl)cc1,133000.0,inactive
CHEMBL3342821,OC(CCCN1CCC(C(O)(c2ccccc2)c2ccccc2)CC1)c1ccc(Br)cc1,500000.0,inactive
CHEMBL3342822,COc1ccc(C(O)CCCN2CCC(C(O)(c3ccccc3)c3ccccc3)CC2)cc1,500000.0,inactive
CHEMBL3342823,O=C(OO)c1ccc(C(O)CCCN2CCC(C(O)(c3ccccc3)c3ccccc3)CC2)cc1,440000.0,inactive
CHEMBL3342824,CC(C)(C)c1ccc(C(O)CCCCN2CCC(C(O)(c3ccccc3)c3ccccc3)CC2)cc1,100000.0,inactive
CHEMBL3342825,CC(C)(C)c1ccc(C(O)CCN2CCC(C(O)(c3ccccc3)c3ccccc3)CC2)cc1,133000.0,inactive
CHEMBL3342826,CC(C)(C)c1ccc(C(O)CN2CCC(C(O)(c3ccccc3)c3ccccc3)CC2)cc1,73000.0,inactive
CHEMBL3342827,O=C(O)c1ccc(C(O)CCCN2CCC(C(O)(c3ccccc3)c3ccccc3)CC2)cc1,500000.0,inactive
CHEMBL3342828,OC(CCCN1CCC(C(O)(c2ccccc2)c2ccccc2)CC1)c1ccc(-c2ccccc2)cc1,13000.0,inactive
CHEMBL3342829,COC(=O)C(C)(C)c1ccc(C(O)CCCN2CCC(C(O)(c3ccccc3)c3ccccc3)CC2)cc1,500000.0,inactive
CHEMBL914,CC(C)(C(=O)O)c1ccc(C(O)CCCN2CCC(C(O)(c3ccccc3)c3ccccc3)CC2)cc1,500000.0,inactive
CHEMBL3342830,CC(C)(C)c1ccc(CCCCN2CCC(C(O)(c3ccccc3)c3ccccc3)CC2)cc1,93000.0,inactive
CHEMBL3342831,CC(C)(C)c1ccc(CCCN2CCC(C(O)(c3ccccc3)c3ccccc3)CC2)cc1,93000.0,inactive
CHEMBL3342832,CC(C)(C)c1ccc(CCN2CCC(C(O)(c3ccccc3)c3ccccc3)CC2)cc1,93000.0,inactive
CHEMBL3342833,CC(C)(C)c1ccc(CN2CCC(C(O)(c3ccccc3)c3ccccc3)CC2)cc1,90000.0,inactive
CHEMBL3342834,CC(C)(C)c1ccc(NCCCN2CCC(C(O)(c3ccccc3)c3ccccc3)CC2)cc1,193000.0,inactive
CHEMBL3342835,CC(C)(C)c1ccc(OCCCN2CCC(C(O)(c3ccccc3)c3ccccc3)CC2)cc1,100000.0,inactive
CHEMBL3342836,CC(C)(C)c1ccc(C(N)CCCN2CCC(C(O)(c3ccccc3)c3ccccc3)CC2)cc1,500000.0,inactive
CHEMBL432527,CC(C)(C)c1ccc([C@@H](O)CCCN2CCC(C(O)(c3ccccc3)c3ccccc3)CC2)cc1,127000.0,inactive
CHEMBL303454,CC(C)(C)c1ccc([C@H](O)CCCN2CCC(C(O)(c3ccccc3)c3ccccc3)CC2)cc1,410000.0,inactive
CHEMBL205154,CC(C)(C)c1ccc(C(=O)CCCN2CCC(C(O)(c3ccccc3)c3ccccc3)CC2)cc1,93000.0,active
CHEMBL3343193,CC(C)(C)c1ccc(C(=O)CCN2CCC(C(O)(c3ccccc3)c3ccccc3)CC2)cc1,90000.0,active
CHEMBL3343194,CC(C)(C)c1ccc(C(=O)CN2CCC(C(O)(c3ccccc3)c3ccccc3)CC2)cc1,73000.0,active
CHEMBL3343195,CC(C)(C)c1ccc(C(=O)N2CCC(C(O)(c3ccccc3)c3ccccc3)CC2)cc1,93000.0,intermediate
CHEMBL3343196,CC(C)(C)c1cccc(CCN2CCC(C(O)(c3ccccc3)c3ccccc3)CC2)c1,93000.0,intermediate
CHEMBL3343198,OC(c1ccccc1)(c1ccccc1)C1CCN(CCc2ccc(F)cc2)CC1,333000.0,inactive
CHEMBL3343199,OC(c1ccccc1)(c1ccccc1)C1CCN(CCc2ccc(Cl)cc2)CC1,260000.0,intermediate
CHEMBL3343200,OC(c1ccccc1)(c1ccccc1)C1CCN(CCc2ccc(Br)cc2)CC1,247000.0,intermediate
CHEMBL3343201,OC(c1ccccc1)(c1ccccc1)C1CCN(CCc2ccc(C(F)(F)F)cc2)CC1,17000.0,active
CHEMBL3343202,COc1ccc(CCN2CCC(C(O)(c3ccccc3)c3ccccc3)CC2)cc1,333000.0,inactive
CHEMBL3343203,CC(C)(C)c1ccc(CCN2CCC(C(O)(c3ccccc3)c3ccccc3)CC2)cn1,333000.0,inactive
CHEMBL3343204,O=[N+]([O-])c1ccc(CCN2CCC(C(O)(c3ccccc3)c3ccccc3)CC2)cc1,263000.0,inactive
CHEMBL3343205,Nc1ccc(CCN2CCC(C(O)(c3ccccc3)c3ccccc3)CC2)cc1,93000.0,inactive
CHEMBL3343206,CN(C)c1ccc(CCN2CCC(C(O)(c3ccccc3)c3ccccc3)CC2)cc1,333000.0,active
CHEMBL3343207,OC(c1ccccc1)(c1ccccc1)C1CCN(CCc2ccc(-c3ccccc3)cc2)CC1,80000.0,active
CHEMBL3343208,OC(c1ccccc1)(c1ccccc1)C1CCN(CCc2ccc(-c3ccncc3)cc2)CC1,93000.0,active
CHEMBL3343209,OC(c1ccccc1)(c1ccccc1)C1CCN(CCc2ccc(-c3cccnc3)cc2)CC1,250000.0,active
CHEMBL3343210,CC1(c2ccc(CCN3CCC(C(O)(c4ccccc4)c4ccccc4)CC3)cc2)COC1,333000.0,active
CHEMBL3343216,OC(c1ccccc1)(c1ccccc1)C1CCN(Cc2ccc(-c3ccccc3)cc2)CC1,125000.0,active
CHEMBL3344284,CC(C)(C)c1ccc(C(O)CCCN2CCC(C(O)c3ccccc3)CC2)cc1,333000.0,active
CHEMBL3344285,CC(C)(C)c1ccc(C(O)CCCN2CCC(Cc3ccccc3)CC2)cc1,333000.0,active
CHEMBL3344385,OC(c1ccccc1)(c1ccccc1)C1CCN(CCCOc2ccc(-c3ccccc3)cc2)CC1,50000.0,active
CHEMBL3589529,CCOC(=O)C(=O)Nc1nc2c(s1)C[C@@H](NC(=O)c1cc(Br)c(Br)[nH]1)CC2,80000.0,active
CHEMBL3589530,COC(=O)CC(=O)Nc1nc2c(s1)C[C@@H](NC(=O)c1cc(Br)c(Br)[nH]1)CC2,110000.0,active
CHEMBL3589534,O=C(O)C(=O)Nc1nc2c(s1)C[C@@H](NC(=O)c1cc(Br)c(Br)[nH]1)CC2,120000.0,active
CHEMBL3589535,O=C(O)CC(=O)Nc1nc2c(s1)C[C@@H](NC(=O)c1cc(Br)c(Br)[nH]1)CC2,86000.0,active
CHEMBL3589536,O=C(O)CCC(=O)Nc1nc2c(s1)C[C@@H](NC(=O)c1cc(Br)c(Br)[nH]1)CC2,270000.0,active
CHEMBL3589539,CC(=O)Nc1nc2c(s1)C[C@@H](NC(=O)c1cc(Br)c(Br)[nH]1)CC2,26000.0,active
CHEMBL3589075,CCOC(=O)C(=O)Nc1nc2c(s1)C[C@@H](NC(=O)c1cc(Cl)c(Cl)[nH]1)CC2,320000.0,active
CHEMBL3589078,O=C(O)C(=O)Nc1nc2c(s1)C[C@@H](NC(=O)c1cc(Cl)c(Cl)[nH]1)CC2,300000.0,active
CHEMBL3589080,O=C(O)CCC(=O)Nc1nc2c(s1)C[C@@H](NC(=O)c1cc(Cl)c(Cl)[nH]1)CC2,10000.0,active
CHEMBL3634703,CCCCCCCCCCCCCC#CC(=O)Oc1ccc(/C=C/C(=O)/C=C/c2ccc(OC(=O)C#CCCCCCCCCCCCCC)c(OC)c2)cc1OC,100.2,active
CHEMBL1269411,CCCCCCCCCCCCCCC#CC(=O)O,26.8,active
CHEMBL531018,Nc1ccc(-c2nc3cc(-c4ccc5[nH]c(-c6ccc(N)cc6)nc5c4)ccc3[nH]2)cc1,300.0,active
CHEMBL3752020,COc1cccc(-c2nc3ccc(-c4ccc5nc(-c6cccc(OC)c6)[nH]c5c4)cc3[nH]2)c1,8800.0,active
CHEMBL3753934,Cc1ccc(-c2nc3ccc(-c4ccc5nc(-c6ccc(C)cc6)[nH]c5c4)cc3[nH]2)cc1,5600.0,active
CHEMBL3753858,c1cc(-c2nc3cc(-c4ccc5[nH]c(-c6ccncc6)nc5c4)ccc3[nH]2)ccn1,50000.0,active
CHEMBL3759862,O=c1cc(-c2ccccc2)c2c(-c3cnc(-c4cccnc4)s3)n[nH]c2[nH]1,1320.0,active
CHEMBL3759272,Cc1cc(=O)[nH]c2[nH]nc(-c3cnc(-c4cccnc4)s3)c12,3248.0,intermediate
CHEMBL3759063,O=c1ccc2c(-c3cnc(-c4cccnc4)s3)n[nH]c2[nH]1,265.0,intermediate
CHEMBL3808620,O=C(Nc1ccc(N2CCCC(C(=O)O)C2)cc1)c1cc(Br)c(Br)[nH]1,420000.0,active
CHEMBL3809184,O=C(O)C(=O)Nc1ccc(NC(=O)c2cc(Br)c(Br)[nH]2)cc1,51000.0,active
CHEMBL4073079,Cc1[nH]c(C(=O)Nc2ccc(Nc3nc(C(=O)O)no3)cc2)c(Cl)c1Cl,12000.0,active
CHEMBL4076111,CCNC(=O)Nc1cc2ccccc2cn1,128000.0,intermediate
CHEMBL4091200,CCNC(=O)Nc1cc2c(-c3ccnc(C)c3)ccc(COC(=O)N[C@@H]3CCNC[C@H]3F)c2cn1,8.0,active
CHEMBL4071960,CCNC(=O)Nc1cc2c(-c3ccnc(C)c3)ccc(COC(=O)N[C@@H]3CCNC[C@@H]3F)c2cn1,8.0,active
CHEMBL4098937,CCNC(=O)Nc1cc2c(-c3ccnc(C)c3)ccc(COC(=O)NC3CCNCC3)c2cn1,8.0,intermediate
CHEMBL4066059,CCNC(=O)Nc1cc2c(-c3ccnc(C)c3)ccc(COC(=O)N3CCN(CC4CC4)CC3)c2cn1.Cl,8.0,active
CHEMBL4087439,CCNC(=O)Nc1cc2c(-c3ccnc(C)c3)ccc(COC(=O)N3CCN(C)CC3)c2cn1,8.0,active
CHEMBL4081451,CCNC(=O)Nc1cc2c(-c3ccnc(C)c3)ccc(COC(=O)N3CCNCC3)c2cn1,8.0,inactive
CHEMBL4099469,CCNC(=O)Nc1cc2c(-c3ccnc(C)c3)ccc(CNC(=O)C3CC3)c2cn1,4.0,inactive
CHEMBL4083966,CCNC(=O)Nc1cc2c(-c3ccnc(C)c3)ccc(CNC(=O)CCOC)c2cn1,8.0,active
CHEMBL4100423,CCNC(=O)Nc1cc2c(-c3ccnc(C)c3)ccc(CNC(C)=O)c2cn1,8.0,active
CHEMBL4073597,CCNC(=O)Nc1cc2c(-c3ccnc(C)c3)ccc(CNC(=O)OCCO)c2cn1,30.0,inactive
CHEMBL4094690,CCNC(=O)Nc1cc2c(-c3ccncc3)ccc(CNC(=O)OCCN3CCOCC3)c2cn1.Cl,4.0,active
CHEMBL4077466,CCNC(=O)Nc1cc2c(-c3ccncc3)ccc(CNC(=O)OCCNC)c2cn1,30.0,intermediate
CHEMBL4070524,CCNC(=O)Nc1cc2c(-c3ccncc3)ccc(CNC(=O)OCCO)c2cn1,4.0,active
CHEMBL4099988,CCNC(=O)Nc1cc2c(-c3ccncc3)ccc(CNC(=O)OC(C)C)c2cn1,4.0,active
CHEMBL4064539,CCNC(=O)Nc1cc2c(-c3ccncc3)ccc(CNC(=O)OC)c2cn1,4.0,intermediate
CHEMBL4092234,CCNC(=O)Nc1cc2c(-c3ccncc3)ccc(CNC(=O)OCCNCC(C)(C)C)c2cn1,8.0,active
CHEMBL4091332,CCNC(=O)Nc1cc2c(-c3ccnc(C)c3)ccc(CNC(=O)OC3CCNCC3(F)F)c2cn1,8.0,inactive
CHEMBL4070393,CCNC(=O)Nc1cc2c(-c3ccnc(C)c3)ccc(CNC(=O)OCCOC)c2cn1,8.0,inactive
CHEMBL4061762,C#CCOC(=O)NCc1ccc(-c2ccnc(C)c2)c2cc(NC(=O)NCC)ncc12,8.0,inactive
CHEMBL4078126,CCNC(=O)Nc1cc2c(-c3ccnc(C)c3)ccc(CNC(=O)OC)c2cn1,8.0,inactive
CHEMBL4096181,CCNC(=O)Nc1cc2c(-c3ccnc(C)c3)ccc(Cn3ccnn3)c2cn1,8.0,inactive
CHEMBL4086015,CCNC(=O)Nc1cc2c(-c3ccnc(C)c3)ccc(Cc3cccc(C(=O)O)c3)c2cn1,8.0,inactive
CHEMBL4103934,CCNC(=O)Nc1cc2c(-c3ccnc(C)c3)ccc(Cc3cccnc3)c2cn1.Cl,30.0,inactive
CHEMBL4093773,CCNC(=O)Nc1cc2c(-c3ccncc3)ccc(Oc3cccnc3)c2cn1,30.0,inactive
CHEMBL4066198,CCNC(=O)Nc1cc2c(-c3ccnc(C)c3)ccc(Nc3cccc(C(=O)O)c3)c2cn1,8.0,intermediate
CHEMBL4101490,CCNC(=O)Nc1cc2c(-c3ccnc(C)c3)ccc(Nc3ccc(C)nc3)c2cn1,8.0,intermediate
CHEMBL4074808,CCNC(=O)Nc1cc2c(-c3ccncc3)ccc(Nc3cccnc3)c2cn1,8.0,active
CHEMBL4063428,CCNC(=O)Nc1cc2c(-c3ccncc3)ccc(-c3cccnc3)c2cn1,125.0,intermediate
CHEMBL4085057,CCNC(=O)Nc1cc2c(-c3cnn(C)c3)ccc(C)c2cn1.Cl,125.0,active
CHEMBL4059472,CCNC(=O)Nc1cc2c(-c3ccncn3)ccc(C)c2cn1,500.0,active
CHEMBL4075854,CCNC(=O)Nc1cc2c(-c3ccc(C#N)cc3)ccc(C)c2cn1,30.0,intermediate
CHEMBL4086418,CCNC(=O)Nc1cc2c(-c3ccnc(C)c3)ccc(C)c2cn1,30.0,intermediate
CHEMBL4074016,CCNC(=O)Nc1cc2c(-c3cncnc3)ccc(C)c2cn1,500.0,intermediate
CHEMBL4099715,CCNC(=O)Nc1cc2c(-c3ccncc3)ccc(C)c2cn1,30.0,active
CHEMBL4077461,CCNC(=O)Nc1cc2c(-c3cccnc3)ccc(C)c2cn1,125.0,active
CHEMBL4069982,CCNC(=O)Nc1cc2c(-c3cccnc3)cccc2cn1,8000.0,active
CHEMBL4078780,CCNC(=O)Nc1cc2cccc(C)c2cn1,8000.0,active
CHEMBL4127899,COc1cc2c(c(O)c1C(C)=O)C(=O)CC(C)(C)O2,1.86,active
CHEMBL4127740,COc1cc(O)c2c(c1C(C)=O)OC(C)(C)C=C2,7.5,active
CHEMBL4129139,COc1cc2c(c(OC)c1C(C)=O)[C@H](O)[C@H](O)C(C)(C)O2,1.86,active
CHEMBL4128711,COc1cc(OC)c2c(c1C(C)=O)OC(C)(C)[C@@H](O)[C@H]2O,1.86,active
CHEMBL4130077,COc1cc(OC)c2c(c1C(C)=O)OC(C)(C)[C@H](O)[C@@H]2O,10.0,active
CHEMBL4129934,COc1cc(OS(=O)(=O)C(F)(F)F)c2c(c1C(C)=O)OC(C)(C)C=C2,2.5,active
CHEMBL4126667,COc1c(Br)c(OC)c2c(c1C(C)=O)OC(C)(C)C(OC)C2Br,1.86,active
CHEMBL4126781,COc1c(Cl)c(OC)c2c(c1C(C)=O)OC(C)(C)C(OC)C2Cl,1.86,active
CHEMBL4128159,COc1c(F)c(OC)c2c(c1C(C)=O)OC(C)(C)C(OC)C2F,9.5,active
CHEMBL4129335,COc1c(Cl)c(O)c2c(c1C(C)=O)OC(C)(C)C(OC)C2Cl,3.5,active
CHEMBL4127938,COc1c(Br)c(OC)c(C(C)=O)c2c1C=CC(C)(C)O2,1.86,active
CHEMBL303984,CO[C@@H]1[C@@H](OC(=O)c2ccc(C)[nH]2)[C@@H](O)[C@H](Oc2ccc3c(O)c(NC(=O)c4ccc(O)c(CC=C(C)C)c4)c(=O)oc3c2Cl)OC1(C)C,8.5,active
CHEMBL4127930,COc1cc(OC)c2c(c1C(C)=O)OC(C)(C)C(O)C2Br,1.86,active
CHEMBL4164868,Cc1occc1C(=O)NNC(=S)NC(=O)c1ccccc1,15000.0,active
CHEMBL4167345,Cc1ccc(-n2nnnc2NCc2ccco2)cc1Cl,22.8,active
CHEMBL4175527,Fc1ccc(-n2nnnc2NCc2ccco2)cc1Cl,0.9,active
CHEMBL4229089,COc1ccc2nccc(CC[C@H]3OC[C@H](NCc4ccc5c(c4)OCCO5)CO3)c2c1,100.0,active
CHEMBL4228258,COc1ccc2nccc(CC[C@H]3OC[C@H](NCc4cc5c(cn4)OCCO5)CO3)c2c1,360.0,active
CHEMBL4229223,COc1ccc2nccc(CC[C@H]3OC[C@H](NCc4cc5c(cn4)OCCC5)CO3)c2c1,330.0,active
CHEMBL4225469,COc1ccc2nccc(CC[C@H]3OC[C@H](NCc4ccc5c(n4)NC(=O)CS5)CO3)c2c1,590.0,active
CHEMBL4224881,COc1ccc2nccc(CC[C@H]3OC[C@H](NCc4ccc5c(n4)NC(=O)CO5)CO3)c2c1,780.0,active
CHEMBL4225730,COc1ccc2nccc(CC[C@H]3OC[C@H](NCc4ccc5c(c4)NC(=O)CO5)CO3)c2c1,740.0,active
CHEMBL4226251,COc1ccc2nccc(CC[C@H]3OC[C@H](NCc4ccc(Cl)c(Cl)c4)CO3)c2c1,280.0,active
CHEMBL4228182,COc1ccc2nccc(CC[C@H]3OC[C@H](NCc4ccc(Cl)cc4)CO3)c2c1,1200.0,active
CHEMBL4533341,C[C@@H]1CN2c3c(cc4c(N5CC6(CC6)OC5=O)noc4c3F)CC3(C(=O)NC(=O)NC3=O)[C@H]2[C@H](C)O1,7800.0,active
CHEMBL3702468,C[C@@H]1CN2c3c(cc4c(N5CCOC5=O)noc4c3F)CC3(C(=O)NC(=O)NC3=O)[C@H]2[C@H](C)O1,24300.0,intermediate
CHEMBL4450768,C[C@@H]1CN2c3c(cc4c(N5CC6(CCC6)OC5=O)noc4c3F)CC3(C(=O)NC(=O)NC3=O)[C@H]2[C@H](C)O1,15600.0,active
CHEMBL4440308,C[C@@H]1CN2c3c(cc4c(N5C(=O)SC[C@@H]5C)noc4c3F)CC3(C(=O)NC(=O)NC3=O)[C@H]2[C@H](C)O1,15600.0,active
CHEMBL4460834,C[C@@H]1CN2c3c(cc4c(N5C[C@@H](C)SC5=O)noc4c3F)CC3(C(=O)NC(=O)NC3=O)[C@H]2[C@H](C)O1,15300.0,active
CHEMBL4447387,C[C@@H]1CN2c3c(cc4c(N5C[C@H](C)SC5=O)noc4c3F)CC3(C(=O)NC(=O)NC3=O)[C@H]2[C@H](C)O1,12600.0,active
CHEMBL4470699,CC[C@H]1CN(c2noc3c(F)c4c(cc23)CC2(C(=O)NC(=O)NC2=O)[C@H]2[C@H](C)O[C@H](C)CN42)C(=O)S1,9100.0,active
CHEMBL4559406,COC[C@H]1CN(c2noc3c(F)c4c(cc23)CC2(C(=O)NC(=O)NC2=O)[C@H]2[C@H](C)O[C@H](C)CN42)C(=O)S1,9400.0,active
CHEMBL4436044,Cc1c(CNC2CCCCCC2)cc(-c2ccc(Cl)cc2)n1-c1ccc(C(C)C)cc1,19.01,active
CHEMBL4530791,Cc1c(CNC2CCCCC2)cc(-c2ccc(C(C)C)cc2)n1-c1ccc(Cl)cc1,29.11,active
CHEMBL4460653,Cc1c(CNC2CCC(NC(=N)N)CC2)cc(-c2ccc(Cl)cc2)n1-c1ccc(Cl)cc1,7.23,inactive
CHEMBL4451560,Cc1nc(-c2cc(NC(=O)CC(=O)O)ccc2NC(=O)c2cc(Br)c(Br)[nH]2)no1,1400.0,active
CHEMBL4570481,Cc1nc(-c2cc(NC(=O)Cc3n[nH]c(=O)o3)ccc2NC(=O)c2cc(Br)c(Br)[nH]2)no1,11000.0,active
CHEMBL4520753,COC(=O)CC(=O)Nc1ccc(NC(=O)c2cc(Br)c(Br)[nH]2)c(-c2noc(C)n2)c1,63000.0,active
CHEMBL3317856,O=c1ccc2ncc(=O)n3c2n1C[C@H]3CN1CCC(NCc2cc3c(cn2)OCCC3)CC1,47.0,active
CHEMBL4448131,O=C1COc2ccc(N3C[C@H](CCCN[C@@H]4Cn5c(=O)ccc6ccc(F)c4c65)OC3=O)nc2N1,8.0,active
CHEMBL4531538,O=C1CNc2nc(CNC34CCC(CCc5c(Cl)cnc6ccc(=O)n(CCO)c56)(CC3)OC4)ccc2O1,830.0,active
CHEMBL1235773,COc1ccc2ncc(C#N)c(CCN3CCC(NCc4cc5c(cn4)OCS5)CC3)c2c1,14.0,active
CHEMBL4640998,COc1cc2c(cc1OCCCC(=O)Nc1cc(C(=O)Nc3ccc4sc(C(=O)N(C)C)cc4c3)n(C)c1)N=C[C@@H]1CCCN1C2=O,3.16,active
CHEMBL4758478,Cc1[nH]c(C(=O)Nc2ccc(C(=O)NCC(=O)O)cc2OC2CCN(C(=O)OC(C)(C)C)CC2)c(Cl)c1Cl,1008.0,active
CHEMBL4746419,Cc1[nH]c(C(=O)Nc2ccc(C(=O)NCC(=O)O)cc2OC2CCNCC2)c(Cl)c1Cl.Cl,960.0,active
CHEMBL4752072,Cc1[nH]c(C(=O)Nc2ccc(C(=O)N[C@@H](C)C(=O)O)cc2OC2CCNCC2)c(Cl)c1Cl.Cl,99.0,active
CHEMBL4789899,COC(=O)[C@H](C)NC(=O)c1ccc(NC(=O)c2[nH]c(C)c(Cl)c2Cl)c(OC2CCNCC2)c1.Cl,1600.0,active
CHEMBL4763664,Cc1[nH]c(C(=O)Nc2ccc(C(=O)NCC(=O)O)cc2O[C@H]2CCNC2)c(Cl)c1Cl.Cl,290.0,active
CHEMBL4793836,COC(=O)CNC(=O)c1ccc(NC(=O)c2[nH]c(C)c(Cl)c2Cl)c(O[C@H]2CCNC2)c1.Cl,950.0,active
CHEMBL4763407,O=C(O)C(=O)Nc1ccc2nc(NC(=O)c3cc(Br)c(Br)[nH]3)[nH]c2c1,80000.0,active
CHEMBL3908487,O=C(O)C(=O)Nc1ccc2nc(NC(=O)c3cc(Br)c(Br)[nH]3)sc2c1,100000.0,active
CHEMBL4792173,Cc1[nH]c(C(=O)Nc2ccc3nc(NC(=O)C(=O)O)sc3c2)c(Cl)c1Cl,250.0,active
CHEMBL4752708,Cc1[nH]c(C(=O)Nc2nc3ccc(NC(=O)C(=O)O)cc3s2)c(Cl)c1Cl,38.0,active
CHEMBL4763466,CC(=O)Nc1nc2ccc(NC(=O)c3[nH]c(C)c(Cl)c3Cl)cc2s1,35400.0,active
CHEMBL4792402,CC(=O)Nc1ccc2nc(NC(=O)c3[nH]c(C)c(Cl)c3Cl)sc2c1,400.0,active
CHEMBL4747775,Cc1[nH]c(C(=O)Nc2nc3ccc(NC(N)=O)cc3s2)c(Cl)c1Cl,1300.0,active
CHEMBL4741205,Cc1[nH]c(C(=O)Nc2nc3ccc(NC(=O)CCNC(=O)OC(C)(C)C)cc3s2)c(Cl)c1Cl,780.0,active
CHEMBL4786782,Cc1[nH]c(C(=O)Nc2nc3ccc(NC(=O)CNC(=O)OC(C)(C)C)cc3s2)c(Cl)c1Cl,260.0,active
CHEMBL4793192,Cc1[nH]c(C(=O)Nc2nc3ccc(NC(=O)CCN)cc3s2)c(Cl)c1Cl.Cl,1500.0,inactive
CHEMBL4781272,Cc1[nH]c(C(=O)Nc2nc3ccc(NC(=O)CN)cc3s2)c(Cl)c1Cl.Cl,380.0,active
CHEMBL4757373,CCOC(=O)C1=C(c2ccccc2)OC(N)=C(C#N)C12C(=O)Nc1ccc(S(=O)(=O)N3CCCCC3)cc12,19770.0,active
CHEMBL4743398,CCOC(=O)C1=C(N)OC(c2ccccc2)=C(C(=O)OCC)C12C(=O)Nc1ccc(S(=O)(=O)N3CCCCC3)cc12,23150.0,active
CHEMBL4799157,CC(=O)C1=C(C)OC(N)=C(C#N)C12C(=O)Nc1ccc(S(=O)(=O)N3CCOCC3)cc12,25090.0,active
CHEMBL4757906,CCOC(=O)C1=C(N)OC(C)=C(C(C)=O)C12C(=O)Nc1ccc(S(=O)(=O)N3CCOCC3)cc12,25060.0,active
CHEMBL4764901,CC(=O)C1=C(c2ccccc2)OC(N)=C(C#N)C12C(=O)Nc1ccc(S(=O)(=O)N3CCOCC3)cc12,24840.0,active
CHEMBL4796888,CC(=O)C1=C(c2ccccc2)OC(N)=C(C#N)C12C(=O)Nc1ccc(S(=O)(=O)N3CCCCC3)cc12,18070.0,active
CHEMBL4743461,CCOC(=O)C1=C(N)OC(c2ccccc2)=C(C(C)=O)C12C(=O)Nc1ccc(S(=O)(=O)N3CCOCC3)cc12,20140.0,active
CHEMBL4790218,N#CC(C#N)=C1C(=O)Nc2ccc(S(=O)(=O)N3CCOCC3)cc21,26360.0,active
CHEMBL4778113,CCOC(=O)/C(C#N)=C1\C(=O)Nc2ccc(S(=O)(=O)N3CCOCC3)cc21,27030.0,active
CHEMBL4786331,Cc1nc2c(=O)n(C3CC3)c3c(Cl)c(N4CC[C@@H]([C@H](C)N)C4)c(F)cc3c2o1,1820.0,inactive
CHEMBL4751243,COc1ccc2nccc(CC[C@H]3OC[C@H](NC(=O)c4ccc5c(c4)OCCO5)CO3)c2c1,3700.0,active
CHEMBL4756100,COc1ccc2nccc(CC[C@H]3OC[C@H](NC(=O)c4ccc(Cl)c(Cl)c4)CO3)c2c1,590.0,active
CHEMBL4764420,COc1ccc(C(=O)N[C@H]2CO[C@H](CCc3ccnc4ccc(OC)cc34)OC2)cc1,3900.0,active
CHEMBL4781609,COc1ccc2nccc(CC[C@H]3OC[C@H](NC(=O)c4ccc(Cl)cc4)CO3)c2c1,610.0,active
CHEMBL4756699,COc1ccc2nccc(CC[C@H]3OC[C@H](NC(=O)c4ccc(C)cc4)CO3)c2c1,410.0,active
CHEMBL4759488,COc1ccc2nccc(CC[C@H]3OC[C@H](NC(=O)c4ccc(C(F)(F)F)cc4)CO3)c2c1,1100.0,active
CHEMBL4744292,COc1ccc2nccc(CC[C@H]3OC[C@H](NC(=O)c4ccc(OC(F)(F)F)cc4)CO3)c2c1,1400.0,active
CHEMBL4755530,COc1ccc2nccc(CC[C@H]3OC[C@H](NC(=O)c4ccc(C(C)(C)C)cc4)CO3)c2c1,1300.0,intermediate
CHEMBL4751977,COc1ccc2nccc(CC[C@H]3OC[C@H](NC(=O)c4cccc(Cl)c4)CO3)c2c1,320.0,intermediate
CHEMBL4787821,COc1ccc2nccc(CC[C@H]3OC[C@H](NC(=O)c4ccc5c(n4)NC(=O)CO5)CO3)c2c1,40.0,intermediate
CHEMBL4755744,COc1ccc2nccc(CC[C@H]3OC[C@H](NC(=O)c4ccc5c(c4)NC(=O)CO5)CO3)c2c1,60.0,intermediate
CHEMBL4787145,COc1ccc2nccc(CC[C@H]3OC[C@H](NC(=O)c4ccc5c(n4)NC(=O)CS5)CO3)c2c1,170.0,intermediate
CHEMBL4759626,COc1ccc2nccc(CC[C@H]3OC[C@H](NC(=O)c4ccc5c(c4)NC(=O)CS5)CO3)c2c1,130.0,intermediate
CHEMBL4850124,O=C(O)c1ccc2nc(NC(=O)c3cc(Cl)c(Cl)[nH]3)sc2c1,500.0,active
CHEMBL4857352,O=C(O)c1ccc2nc(NC(=O)c3cc(Br)c(Br)[nH]3)sc2c1,1000.0,active
CHEMBL4851285,Cc1[nH]c(C(=O)Nc2nc3ccc(C(=O)O)cc3s2)c(Cl)c1Br,24.0,active
CHEMBL4856321,Cc1[nH]c(C(=O)Nc2nc3cc(C(=O)O)ccc3s2)c(Cl)c1Cl,1000.0,active
CHEMBL4856813,COc1ccc2nc(NC(=O)c3[nH]c(C)c(Cl)c3Cl)sc2c1,1000.0,intermediate
CHEMBL4863907,Cc1[nH]c(C(=O)Nc2nc3ccc(C#N)cc3s2)c(Cl)c1Cl,1000.0,intermediate
CHEMBL4877458,Cc1[nH]c(C(=O)Nc2nc3ccc(-c4nnn[nH]4)cc3s2)c(Cl)c1Cl,25.0,intermediate
CHEMBL4863169,Cc1[nH]c(C(=O)Nc2nc3ccc(C(N)=O)cc3s2)c(Cl)c1Cl,59.0,active
CHEMBL4866587,Cc1[nH]c(C(=O)Nc2nc3ccc(C(=O)NCC#N)cc3s2)c(Cl)c1Cl,310.0,active
CHEMBL4877862,O=C(NO)c1ccc2nc(NC(=O)c3cc(Br)c(Br)[nH]3)sc2c1,1000.0,active
CHEMBL4847369,Cc1[nH]c(C(=O)Nc2nc3ccc(C(=O)NO)cc3s2)c(Cl)c1Cl,720.0,active
CHEMBL4857022,Cc1[nH]c(C(=O)Nc2nc3ccc(C(=O)NCCC(=O)O)cc3s2)c(Cl)c1Cl,71.0,active
CHEMBL4874918,CCN(C(=O)c1[nH]c(C)c(Cl)c1Cl)c1nc2ccc(C(=O)O)cc2s1,32.0,active
CHEMBL4857324,Cc1[nH]c(C(=O)N(c2nc3ccc(C(=O)O)cc3s2)C2CC2)c(Cl)c1Cl,1000.0,inactive
CHEMBL4866508,Cc1[nH]c(C(=O)N(c2nc3ccc(C(=O)O)cc3s2)C(C)C)c(Cl)c1Cl,1000.0,inactive
CHEMBL4862321,Cc1[nH]c(C(=O)Nc2nc3cc(O)c(C(=O)O)cc3s2)c(Cl)c1Cl,61.0,inactive
CHEMBL4847572,O=C(O)c1cc(O)c2nc(NC(=O)c3cc(Br)c(Br)[nH]3)sc2c1,170.0,active
CHEMBL4847190,Cc1[nH]c(C(=O)Nc2nc3c(O)cc(C(=O)O)cc3s2)c(Cl)c1Cl,22.0,active
CHEMBL4847090,Cc1[nH]c(C(=O)Nc2nc3c(F)cc(C(=O)O)cc3s2)c(Cl)c1Cl,17.0,active
CHEMBL4850231,COc1cc(C(=O)O)cc2sc(NC(=O)c3[nH]c(C)c(Cl)c3Cl)nc12,44.0,inactive
CHEMBL4873935,Cc1[nH]c(C(=O)Nc2nc3ccc(C(=O)O)cc3s2)c(Cl)c1Cl,72.0,intermediate
CHEMBL4854181,Cc1[nH]c(C(=O)Nc2nc3c(OCc4ccccc4)cc(C(=O)O)cc3s2)c(Cl)c1Cl,16.0,active
CHEMBL4867874,Cc1[nH]c(C(=O)Nc2nc3c(OCCN4CCOCC4)cc(C(=O)O)cc3s2)c(Cl)c1Cl.Cl,17.0,active
CHEMBL4850565,Cc1[nH]c(C(=O)Nc2nc3c(OCc4cccc(C(=O)O)c4)cc(C(=O)O)cc3s2)c(Cl)c1Cl,10.0,active
CHEMBL4868482,Cc1[nH]c(C(=O)Nc2nc3c(OCc4ccc(C(=O)O)cc4)cc(C(=O)O)cc3s2)c(Cl)c1Cl,10.0,active
CHEMBL4878712,Cc1[nH]c(C(=O)Nc2nc3c(OCc4cccs4)cc(C(=O)O)cc3s2)c(Cl)c1Cl,10.0,active
CHEMBL4873249,Cc1[nH]c(C(=O)Nc2nc3c(OCc4ccsc4)cc(C(=O)O)cc3s2)c(Cl)c1Cl,10.0,
CHEMBL4871682,Cc1[nH]c(C(=O)Nc2nc3c(OCc4cccc(F)c4)cc(C(=O)O)cc3s2)c(Cl)c1Cl,10.0,
CHEMBL4858015,Cc1[nH]c(C(=O)Nc2nc3c(OCCN)cc(C(=O)O)cc3s2)c(Cl)c1Cl.Cl,48.0,
CHEMBL4876030,Cc1[nH]c(C(=O)Nc2nc3c(OCCN4CCOCC4)cc(C(=O)NCC#N)cc3s2)c(Cl)c1Cl.Cl,100.0,
CHEMBL4870243,Cc1[nH]c(C(=O)Nc2nc3c(OCc4ccccc4)cc(C(=O)NCC#N)cc3s2)c(Cl)c1Cl,180.0,
CHEMBL4866300,Cc1[nH]c(C(=O)Nc2nc3c(OCc4ccccc4)cc(C#N)cc3s2)c(Cl)c1Cl,1000.0,
CHEMBL4852505,Cc1[nH]c(C(=O)Nc2nc3c(OCc4ccccc4)cc(-c4nnn[nH]4)cc3s2)c(Cl)c1Cl,26.0,
CHEMBL4868407,Cc1[nH]c(C(=O)Nc2nc3c(OCc4ccccc4)cc(C(N)=O)cc3s2)c(Cl)c1Cl,1000.0,
CHEMBL4861727,COc1ccc2nccc(CCN3CCC(NCc4ccc(Cl)cc4)CC3)c2n1,1710.0,
CHEMBL4858549,COc1ccc2nccc(CCN3CCC(NCc4ccc(Br)cc4)CC3)c2n1,570.0,
CHEMBL4873185,COc1ccc2nccc(CCN3CCC(NCc4ccc(I)cc4)CC3)c2n1,280.0,
CHEMBL4862136,COc1ccc2nccc(CCN3CCC(NCc4ccc(Cl)c(F)c4)CC3)c2n1,236.0,
CHEMBL4868908,COc1ccc2nccc(CCN3CCC(NCc4ccc(Br)c(F)c4)CC3)c2n1,197.0,
CHEMBL4879265,COc1ccc2nccc(CCN3CCC(NCc4ccc(I)c(F)c4)CC3)c2n1,67.0,
CHEMBL4879088,COc1ccc2nccc(CCN3CCC(NCc4cc(F)c(Cl)c(F)c4)CC3)c2n1,172.0,
CHEMBL4873479,COc1ccc2nccc(CCN3CCC(NCc4cc(F)c(Br)c(F)c4)CC3)c2n1,87.0,
CHEMBL4866999,COc1ccc2nccc(CCN3CCC(NCc4cc(F)c(Br)cc4F)CC3)c2n1,356.0,
CHEMBL4862951,COc1ccc2nccc(CCN3CCC(NCc4ccc(Br)c(F)c4F)CC3)c2n1,326.0,
CHEMBL4864750,COc1ccc2nccc(CCN3CCC(NCc4ccc(I)c(F)c4F)CC3)c2n1,126.0,
CHEMBL4874688,COc1ccc2nccc(CCN3CCC(NCc4ccc(Cl)nc4)CC3)c2n1,19770.0,
CHEMBL4855172,COc1ccc2nccc(CCN3CCC(NCc4ccc(Cl)cn4)CC3)c2n1,10310.0,
CHEMBL4877359,COc1ccc2ncc(F)c(C(O)C[C@H]3OC[C@H](NCc4ccc5c(c4)OCCO5)CO3)c2c1,64.0,
CHEMBL4879360,COc1ccc2ncc(F)c(C(O)C[C@H]3OC[C@H](NCc4cc5c(cn4)OCCO5)CO3)c2c1,600.0,
CHEMBL4877691,COc1ccc2ncc(F)c(C(O)C[C@H]3OC[C@H](NCc4cc5c(nn4)OCCS5)CO3)c2c1,370.0,
CHEMBL4848795,COc1ccc2ncc(F)c(C(O)C[C@H]3OC[C@H](NCc4ccc5c(n4)NC(=O)CO5)CO3)c2c1,520.0,
CHEMBL4847289,COc1ccc2ncc(F)c(C(O)C[C@H]3OC[C@H](NCc4ccc5c(n4)NC(=O)CS5)CO3)c2c1,330.0,
CHEMBL4863171,COc1ccc2ncc(F)c(C(O)C[C@H]3OC[C@H](NCc4ccc(Cl)c(Cl)c4)CO3)c2c1,160.0,
CHEMBL4876514,COc1ccc2ncc(F)c(C(O)C[C@H]3OC[C@H](NCc4ccc(C)cc4)CO3)c2c1,110.0,
CHEMBL4854247,COc1ccc2ncc(F)c(C(O)C[C@H]3OC[C@H](NCc4ccc5c(c4)OCCO5)CO3)c2n1,22.0,
CHEMBL4846316,COc1ccc2ncc(F)c(C(O)C[C@H]3OC[C@H](NCc4cc5c(cn4)OCCO5)CO3)c2n1,160.0,
CHEMBL4847286,COc1ccc2ncc(F)c(C(O)C[C@H]3OC[C@H](NCc4cc5c(nn4)OCCS5)CO3)c2n1,240.0,
CHEMBL4859342,COc1ccc2ncc(F)c(C(O)C[C@H]3OC[C@H](NCc4ccc5c(n4)NC(=O)CS5)CO3)c2n1,54.0,
CHEMBL4850745,COc1ccc2ncc(F)c(C(O)C[C@H]3OC[C@H](NCc4ccc(Cl)c(Cl)c4)CO3)c2n1,220.0,
CHEMBL4864841,COc1ccc2ncc(=O)n(CC(O)[C@H]3OC[C@H](NCc4ccc5c(c4)OCCO5)CO3)c2c1,19.0,
CHEMBL4861334,COc1ccc2ncc(=O)n(CC(O)[C@H]3OC[C@H](NCc4cc5c(cn4)OCCO5)CO3)c2n1,180.0,
CHEMBL4877845,COc1ccc2ncc(F)c(C[C@H](O)[C@H]3OC[C@H](NCc4ccc5c(c4)OCCO5)CO3)c2c1,31.0,
CHEMBL4853297,COc1ccc2ncc(F)c(C[C@H](O)[C@H]3OC[C@H](NCc4cc5c(cn4)OCCO5)CO3)c2c1,42.0,
CHEMBL4869090,COc1ccc2ncc(F)c(C[C@H](O)[C@H]3OC[C@H](NCc4cc5c(nn4)OCCS5)CO3)c2c1,56.0,
CHEMBL4856816,COc1ccc2ncc(F)c(C[C@H](O)[C@H]3OC[C@H](NCc4cc5c(nn4)OCCO5)CO3)c2c1,840.0,
CHEMBL4867350,COc1ccc2ncc(F)c(C[C@H](O)[C@H]3OC[C@H](NCc4ccc5c(n4)NC(=O)CO5)CO3)c2c1,84.0,
CHEMBL4875838,COc1ccc2ncc(F)c(C[C@H](O)[C@H]3OC[C@H](NCc4ccc(Cl)c(Cl)c4)CO3)c2c1,56.0,
CHEMBL4872821,COc1ccc2ncc(F)c(C[C@H](O)[C@H]3OC[C@H](NCc4ccc(C)cc4)CO3)c2c1,14.0,
CHEMBL4851183,COc1ccc2ccc(F)c(C[C@H](O)[C@H]3OC[C@H](NCc4cc5c(cn4)OCCO5)CO3)c2n1,13.0,
CHEMBL4862813,COc1ccc2ccc(F)c(C[C@H](O)[C@H]3OC[C@H](NCc4cc5c(nn4)OCCS5)CO3)c2n1,120.0,
CHEMBL4848487,COc1ccc2ccc(F)c(C[C@H](O)[C@H]3OC[C@H](NCc4ccc5c(n4)NC(=O)CO5)CO3)c2n1,95.0,
CHEMBL4855186,COc1ccc2ccc(F)c(C[C@H](O)[C@H]3OC[C@H](NCc4ccc(Cl)c(Cl)c4)CO3)c2n1,43.0,
CHEMBL4867964,COc1ccc2ncc(F)c(C[C@H](O)[C@H]3OC[C@H](NCc4ccc5c(c4)OCCO5)CO3)c2n1,60.0,
CHEMBL4865826,COc1ccc2ncc(F)c(C[C@H](O)[C@H]3OC[C@H](NCc4cc5c(cn4)OCCO5)CO3)c2n1,39.0,
CHEMBL4874489,COc1ccc2ncc(F)c(C[C@H](O)[C@H]3OC[C@H](NCc4cc5c(cn4)OCCC5)CO3)c2n1,140.0,
CHEMBL4852949,COc1ccc2ncc(F)c(C[C@H](O)[C@H]3OC[C@H](NCc4cc5c(nn4)OCCS5)CO3)c2n1,220.0,
CHEMBL4869043,COc1ccc2ncc(F)c(C[C@H](O)[C@H]3OC[C@H](NCc4cc5c(nn4)OCCO5)CO3)c2n1,32000.0,
CHEMBL4864940,COc1ccc2ncc(F)c(C[C@H](O)[C@H]3OC[C@H](NCc4cnc5c(n4)OCCO5)CO3)c2n1,360.0,
CHEMBL4856026,COc1ccc2ncc(F)c(C[C@H](O)[C@H]3OC[C@H](NCc4cc5c(cn4)OCS5)CO3)c2n1,99.0,
CHEMBL4875532,COc1ccc2ncc(F)c(C[C@H](O)[C@H]3OC[C@H](NCc4cc5c(cn4)OCO5)CO3)c2n1,850.0,
CHEMBL4869929,COc1ccc2ncc(F)c(C[C@H](O)[C@H]3OC[C@H](NCc4cc5c(cn4)OCC(=O)N5)CO3)c2n1,61.0,
CHEMBL4875924,COc1ccc2ncc(F)c(C[C@H](O)[C@H]3OC[C@H](NCc4cc5c(cn4)SCC(=O)N5)CO3)c2n1,160.0,
CHEMBL4869986,COc1ccc2ncc(F)c(C[C@H](O)[C@H]3OC[C@H](NCc4ccc(Cl)c(Cl)c4)CO3)c2n1,160.0,
CHEMBL4868523,COc1ccc2ncc(F)c(C[C@H](O)[C@H]3OC[C@H](NCc4ccc(C)cc4)CO3)c2n1,160.0,
CHEMBL5176134,COc1ccc2ncc(F)c(CCCN3CCN(CCSc4cccs4)C[C@@H]3C(=O)O)c2c1,370.0,
CHEMBL5176331,COc1ccc2ncc(F)c(/C=C/CN3CCN(CCSc4cccs4)C[C@@H]3C(=O)O)c2c1,680.0,
CHEMBL5207657,COc1ccc2ncc(F)c(/C=C\CN3CCN(CCSc4cccs4)C[C@@H]3C(=O)O)c2c1,280.0,
CHEMBL5206355,COc1ccc2ncc(F)c(C#CCN3CCN(CCSc4cccs4)C[C@@H]3C(=O)O)c2c1,480.0,
CHEMBL5183842,COC(=O)[C@H]1CN(CCSc2cccs2)CCN1CCCc1c(F)cnc2ccc(OC)cc12,300000.0,
CHEMBL5176046,COc1ccc2ncc(F)c(CCCN3CCN(CCCc4ccccc4)C[C@@H]3C(=O)O)c2c1,460.0,
CHEMBL5199813,COc1ccc2ncc(F)c(CCCN3CCN(C/C=C/c4ccccc4)C[C@@H]3C(=O)O)c2c1,190.0,
CHEMBL5204986,COc1ccc2ncc(F)c(CCCN3CCN(CCc4ccccc4)C[C@@H]3C(=O)O)c2c1,540.0,
CHEMBL5176348,COc1ccc2ncc(F)c(CCCN3CCN(CCCCc4ccccc4)C[C@@H]3C(=O)O)c2c1,370.0,
CHEMBL5178214,COc1ccc2ncc(F)c(CCCN3CCN(C/C=C/c4cc(F)ccc4F)C[C@@H]3C(=O)O)c2c1,280.0,
CHEMBL5200272,O=c1ccc2ncc(F)c3c2n1CC3C[C@H]1OC[C@H](NCc2ccc3c(c2)OCCO3)CO1,47.0,
CHEMBL5201666,O=c1ccc2ccc(F)c3c2n1CC3C[C@H]1OC[C@H](NCc2ccc3c(c2)OCCO3)CO1,230.0,
CHEMBL5171625,COc1ccc2ncc(F)c(C[C@H](O)[C@H]3OC[C@H](NC(=O)c4ccc5c(c4)OCCO5)CO3)c2n1,230.0,
CHEMBL5190565,O=c1ccc2ncc(F)c3c2n1CC3C[C@H]1OC[C@H](NCc2cc3c(cn2)OCCC3)CO1,2100.0,
CHEMBL5195074,O=c1ccc2ccc(F)c3c2n1CC3C[C@H]1OC[C@H](NCc2cc3c(cn2)OCCC3)CO1,580.0,
CHEMBL5204820,O=c1ccc2ncc(F)c3c2n1CC3C[C@H]1OC[C@H](NCc2cc3c(nn2)OCCS3)CO1,1800.0,
CHEMBL5209188,O=c1ccc2ccc(F)c3c2n1CC3C[C@H]1OC[C@H](NCc2cc3c(nn2)OCCS3)CO1,1700.0,
CHEMBL5197477,O=c1ccc2ccc(F)c3c2n1CC3C[C@H]1OC[C@H](NCc2cc3c(nn2)OCCO3)CO1,3500.0,
CHEMBL5183589,O=C1COc2ccc(CN[C@H]3CO[C@H](CC4Cn5c(=O)ccc6ncc(F)c4c65)OC3)nc2N1,4200.0,
CHEMBL5197372,O=C1COc2ccc(CN[C@H]3CO[C@H](CC4Cn5c(=O)ccc6ccc(F)c4c65)OC3)nc2N1,1600.0,
CHEMBL5208691,O=C1CSc2ccc(CN[C@H]3CO[C@H](CC4Cn5c(=O)ccc6ncc(F)c4c65)OC3)nc2N1,1400.0,
CHEMBL5196889,COc1ccc2ncc(F)c(C[C@H](O)[C@H]3OC[C@H](NC(=O)c4ccc5c(n4)NC(=O)CS5)CO3)c2n1,150.0,
CHEMBL4537408,O=c1ccc2ncc(=O)n3c2n1CC3CN1CCC(NCc2cc3c(cn2)OCCC3)CC1,170.0,
CHEMBL5177294,COc1ccc2ncc(F)c(C[C@H](O)[C@H]3OC[C@H](NC(=O)c4ccc5c(n4)NC(=O)CO5)CO3)c2n1,190.0,
CHEMBL5201644,C[C@@H]1CN2c3c(cc4c(N5CC[C@H](O)C5)noc4c3F)CC3(C(=O)NC(=O)NC3=O)[C@H]2[C@H](C)O1,6900.0,
CHEMBL5206134,C[C@@H]1CN2c3c(cc4c(N5C[C@@H](O)[C@H](O)C5)noc4c3F)CC3(C(=O)NC(=O)NC3=O)[C@H]2[C@H](C)O1,6600.0,
CHEMBL3544978,C[C@@H]1CN2c3c(cc4c(N5C(=O)OC[C@@H]5C)noc4c3F)CC3(C(=O)NC(=O)NC3=O)[C@H]2[C@H](C)O1,4300.0,
CHEMBL3658966,C[C@@H]1CN2c3c(cc4c(-n5cncn5)noc4c3F)CC3(C(=O)NC(=O)NC3=O)[C@H]2[C@H](C)O1,1700.0,
CHEMBL5183469,C[C@@H]1CN2c3c(cc4c(N5CC[C@H](O)C5)noc4c3F)CC3(C(=O)NC(=O)NC3=O)[C@H]2[C@H](C)N1C#N,3100.0,
CHEMBL5268427,Cc1c(Cl)ccc2cc(/C=C/C(=O)c3ccc(Br)cc3)c(Cl)nc12,0.14,
CHEMBL5272158,CCn1cc(C(=O)N[C@H](CCCNC(=N)N)C(=O)N[C@@H](CC2CCCCC2)C(=O)N[C@H](CCCNC(=N)N)C(=O)N[C@@H](CC2CCCCC2)C(=O)N[C@H](CCCNC(=N)N)C(=O)N[C@@H](CC2CCCCC2)C(N)=O)c(=O)c2ccc(C)nc21,25000.0,
CHEMBL5286132,CCn1cc(C(=O)N[C@@H](CC2CCCCC2)C(=O)N[C@H](CCCNC(=N)N)C(=O)N[C@@H](CC2CCCCC2)C(=O)N[C@H](CCCNC(=N)N)C(=O)N[C@@H](CC2CCCCC2)C(=O)N[C@H](CCCNC(=N)N)C(=O)N[C@@H](CC2CCCCC2)C(N)=O)c(=O)c2ccc(C)nc21,25000.0,
CHEMBL5,CCn1cc(C(=O)O)c(=O)c2ccc(C)nc21,800000.0,
CHEMBL5284259,COc1ccc2ccc(F)c(CC(=O)N/N=C/c3ccc(F)cc3F)c2n1,140.0,
CHEMBL5272532,S=C(NCCc1c[nH]c2ccccc12)Nc1ccc(Cl)c(Cl)c1,72.6,
CHEMBL5267457,COc1cc2c(cc1OCCCC(=O)Nc1cc(C(=O)Nc3ccc4occc4c3)n(C)c1)N=C[C@@H]1CCCN1C2=O,1.65,
CHEMBL5271201,COc1cc2c(cc1OCCCC(=O)Nc1cc(C(=O)Nc3ccc4sccc4c3)n(C)c1)N=C[C@@H]1CCCN1C2=O,2.28,
CHEMBL5282942,COc1cc2c(cc1OCCCC(=O)Nc1cc(NC(=O)c3ccc4sccc4c3)n(C)c1)N=C[C@@H]1CCCN1C2=O,0.95,
CHEMBL5288212,Cc1[nH]c(C(=O)Nc2nc3c(N4CCOCC4)cc(C(=O)O)cc3s2)c(Cl)c1Cl,1.22,
CHEMBL4555272,CO[C@@H]1[C@@H](OC(=O)c2ccc(C)[nH]2)[C@@H](O)[C@H](Oc2ccc3c(O)c(NC(=O)c4c[nH]c(C(=O)Nc5c(O)c6ccc(O[C@@H]7OC(C)(C)[C@H](OC)[C@@H](OC(=O)c8ccc(C)[nH]8)[C@H]7O)c(C)c6oc5=O)c4C)c(=O)oc3c2C)OC1(C)C,6.0,
CHEMBL5267495,C=C1CC[C@@H](O[C@H]2C[C@@](O)([C@H](C)NC(=O)c3[nH]c(C)c(Cl)c3Cl)[C@H](O)[C@@H](C)O2)[C@@H]2CC[C@H](C)[C@H](/C(O)=C3\C(=O)[C@H](C(C)C)N([C@@H]4O[C@@H](C)[C@@H](OC(N)=O)[C@@H](OC(C)=O)[C@H]4OC)C3=O)[C@@H]12,9.0,
CHEMBL5268060,C=C1CC[C@@H](O[C@H]2C[C@@](O)([C@H](C)NC(=O)c3[nH]cc(Cl)c3Cl)[C@H](O)[C@@H](C)O2)[C@@H]2CC[C@H](C)[C@H](/C(O)=C3\C(=O)[C@H](C(C)C)N([C@@H]4O[C@@H](C)[C@@H](OC(N)=O)[C@@H](OC(C)=O)[C@H]4OC)C3=O)[C@@H]12,400.0,
CHEMBL5437108,CC(=O)OC[C@H]1O[C@@H](NC(=S)Nc2nc(-c3ccc(Cl)cc3)cs2)[C@H](OC(C)=O)[C@@H](OC(C)=O)[C@@H]1OC(C)=O,2820.0,
CHEMBL5435219,COc1ccc(-c2csc(NC(=S)N[C@@H]3O[C@H](COC(C)=O)[C@@H](OC(C)=O)[C@H](OC(C)=O)[C@H]3OC(C)=O)n2)cc1,1370.0,
CHEMBL5433070,COc1ccc(-c2csc(NC(=S)N[C@@H]3O[C@H](COC(C)=O)[C@@H](OC(C)=O)[C@H](OC(C)=O)[C@H]3OC(C)=O)n2)cc1[N+](=O)[O-],1250.0,
CHEMBL5402120,COc1ccc2nccc(OC[C@H]3CC[C@H](NCc4cc(F)c(Br)c(F)c4)CC3)c2n1,113.0,
CHEMBL5417501,COc1ccc2nccc(OC[C@@H]3CC[C@@H](NCc4cc(F)c(Br)c(F)c4)CO3)c2n1,56.0,
CHEMBL5428752,COc1ccc2nccc(C(O)C[C@H]3CC[C@H](NCc4cc(F)c(Br)c(F)c4)CC3)c2n1,21.0,
CHEMBL5395597,COc1ccc2nccc(CCN3CCC(NC(=O)c4cc(F)c(Cl)c(F)c4)CC3)c2n1,220.0,
CHEMBL5441103,COc1ccc2nccc(CCN3CCC(NC(=O)c4cc(F)c(Br)c(F)c4)CC3)c2n1,108.0,
CHEMBL5420593,COc1ccc2nccc(CCN3CCC(NC(=O)c4ccc(I)c(F)c4)CC3)c2n1,114.0,
CHEMBL5432283,COc1ccc2nccc(OC[C@H]3CC[C@H](NC(=O)c4cc(F)c(Cl)c(F)c4)CC3)c2n1,100000.0,
CHEMBL5431772,COc1ccc2nccc(OC[C@H]3CC[C@H](NC(=O)c4cc(F)c(Br)c(F)c4)CC3)c2n1,100000.0,
CHEMBL5429864,COc1ccc2nccc(OC[C@H]3CC[C@H](NC(=O)c4ccc(I)c(F)c4)CC3)c2n1,100000.0,
CHEMBL5394250,COc1ccc2nccc(OC[C@@H]3CC[C@@H](NC(=O)c4cc(F)c(Cl)c(F)c4)CO3)c2n1,445.0,
CHEMBL5406927,COc1ccc2nccc(OC[C@@H]3CC[C@@H](NC(=O)c4cc(F)c(Br)c(F)c4)CO3)c2n1,185.0,
CHEMBL5421348,COc1ccc2nccc(OC[C@@H]3CC[C@@H](NC(=O)c4ccc(I)c(F)c4)CO3)c2n1,271.0,
CHEMBL5559269,O=S(=O)(c1ccc2nc3s/c(=N/N=C\c4cccs4)n(-c4ccc(Cl)cc4)c3nc2c1)N1CCOCC1,10380.0,
CHEMBL5557868,COC(=O)CC(=O)Nc1nc2c(s1)C[C@@H](NC(=O)c1[nH]c(C)c(Br)c1Cl)CC2,3700.0,
CHEMBL5595242,COc1ccc2ncc(F)c(CCN3CCC(C(O)Cc4ccc(C)cc4)CC3)c2n1,240.0,
CHEMBL5593239,COc1ccc2ncc(F)c(CCN3CCC(C(N)Cc4ccc(C)cc4)CC3)c2n1,5050.0,
CHEMBL5590983,COc1ccc2ncc(F)c(CCN3CCC([C@H](O)[C@H](O)c4ccc(C)cc4)CC3)c2n1,65.0,
CHEMBL5590170,COc1ccc2ncc(F)c(CCN3CCC(NCc4ccc(C)cc4)CC3)c2n1,4.0,
CHEMBL5647058,COc1c(N2C[C@@H]3CCCN(Cc4cnc(C)c(O)c4C)[C@@H]3C2)c(F)cc2c(=O)c(C(=O)O)cn(C3CC3)c12.Cl.Cl,400.0,
CHEMBL5641537,Cc1ncc(CN2CCN(c3cc4c(cc3F)c(=O)c(C(=O)O)cn4C3CC3)CC2)c(CO)c1O.Cl,31.0,
,,,intermediate
,,,intermediate
,,,active
,,,active
,,,active
,,,active
,,,active
,,,active
,,,active
,,,active
,,,active
,,,intermediate
,,,inactive
,,,inactive
,,,active
,,,intermediate
,,,intermediate
,,,inactive
,,,inactive
,,,inactive
,,,intermediate
,,,intermediate
,,,intermediate
,,,intermediate
,,,inactive
,,,intermediate
,,,active
,,,active
,,,active
,,,intermediate
,,,inactive
,,,active
,,,active
,,,active
,,,active
,,,active
,,,active
,,,active
,,,active
,,,active
,,,active
,,,active
,,,active
,,,active
,,,active
,,,active
,,,active
,,,active
,,,active
,,,active
,,,active
,,,active
,,,active
,,,inactive
,,,active
,,,active
,,,active
,,,active
,,,active
,,,active
,,,active
,,,active
,,,intermediate
,,,intermediate
,,,inactive
,,,inactive
,,,inactive
,,,inactive
,,,inactive
,,,intermediate
,,,intermediate
,,,active
,,,active
,,,active
,,,intermediate
,,,inactive
,,,inactive
,,,active
,,,active
,,,active
,,,active
,,,inactive
,,,active
,,,active
,,,active
,,,active
,,,active
,,,active
,,,active
,,,active
,,,active
,,,active
,,,active
,,,active
,,,inactive
,,,active
,,,active
,,,active
,,,active
,,,active
,,,active
,,,active
,,,active
,,,active
,,,intermediate
,,,intermediate
,,,intermediate
,,,intermediate
,,,intermediate
,,,active
,,,active
,,,active
,,,intermediate
,,,active
,,,inactive
,,,inactive
,,,inactive
,,,active
,,,active
,,,active
,,,active
,,,active
,,,intermediate
